dataset,seed,model,aurc,brier,ece,risk@0.2,coverage@0.2,risk@0.4,coverage@0.4
GDELT,0,margin_only,0.793209829627816,0.1169903263788567,0.004053970764686672,0.7565130260521042,0.1996,0.7967757694186615,0.4094
GDELT,0,matched_base,0.769322527144292,0.11342102561989142,0.007526626753865458,0.7073662966700303,0.1982,0.7581602373887241,0.4044
GDELT,0,base_plus_c,0.7717162369798363,0.11334820766930925,0.007163381501667877,0.7172827172827173,0.2002,0.7658010779029887,0.4082
GDELT,0,base_plus_z,0.765730321608388,0.11218277032375043,0.009834237120042144,0.7096774193548387,0.1984,0.7684871918801354,0.4138
GDELT,0,base_plus_fd,0.7695227516438339,0.11307956865127651,0.01597205562046356,0.703187250996016,0.2008,0.7670144063586687,0.4026
GDELT,0,without_diversity,0.7656754747431267,0.11217308582235634,0.009040752797580836,0.710261569416499,0.1988,0.7666504618376276,0.4114
GDELT,0,without_fragility,0.7650177299656314,0.11207825886400243,0.01030730412207443,0.7109144542772862,0.2034,0.764934434191355,0.4118
GDELT,0,nonredundant,0.7653638272054981,0.11211549618292975,0.009701745624565614,0.7096456692913385,0.2032,0.7681510164569216,0.4132
GDELT,0,full_original,0.7653948666719254,0.11211716973456246,0.009615982032003555,0.7093596059113301,0.203,0.7680387409200968,0.413
GDELT,0,base_plus_window_count,0.7695079342692867,0.1134257580888451,0.009589085538728167,0.7035532994923858,0.197,0.7635201573254671,0.4068
GDELT,0,base_plus_softmax_entropy,0.7739785490565672,0.1134587104545342,0.008702902844140386,0.7415730337078652,0.1958,0.7667313288069835,0.4124
GDELT,1,margin_only,0.793209829627816,0.1172526057635519,0.009907950504634179,0.7590725806451613,0.1984,0.7966601178781926,0.4072
GDELT,1,matched_base,0.7698214122700693,0.11343010069809972,0.021515608340369124,0.7141491395793499,0.2092,0.7584053794428435,0.4164
GDELT,1,base_plus_c,0.7702165041446667,0.11334221197956568,0.01666215628195433,0.7180487804878048,0.205,0.7622950819672131,0.4148
GDELT,1,base_plus_z,0.7660346530325789,0.11230558784630944,0.01428476839415456,0.7096446700507614,0.197,0.7636887608069164,0.4164
GDELT,1,base_plus_fd,0.76874152519512,0.11310363584817253,0.021729048608423167,0.7098001902949572,0.2102,0.7675205413243112,0.4138
GDELT,1,without_diversity,0.7660016480809075,0.11229700646552976,0.015104612823051883,0.7095141700404858,0.1976,0.766152362584378,0.4148
GDELT,1,without_fragility,0.765166979181786,0.11215485842962965,0.01569141775331862,0.7086614173228346,0.2032,0.7629774730656219,0.4084
GDELT,1,nonredundant,0.7651487296935333,0.11214774485951527,0.016312049029454538,0.7070506454816285,0.2014,0.7633251833740832,0.409
GDELT,1,full_original,0.764940264309968,0.11212420739317618,0.017507443689386143,0.7045454545454546,0.2024,0.7634408602150538,0.4092
GDELT,1,base_plus_window_count,0.7696956375659348,0.11341947760417766,0.02085953956335663,0.7155172413793104,0.2088,0.7592681752527685,0.4154
GDELT,1,base_plus_softmax_entropy,0.7711168631334995,0.11333573216461161,0.017071299220986037,0.722167487684729,0.203,0.7630331753554502,0.422
GDELT,2,margin_only,0.7932099118224127,0.11701296640957622,0.006867046313543134,0.7590725806451613,0.1984,0.7952047952047953,0.4004
GDELT,2,matched_base,0.7701437550901685,0.11364108995842825,0.015135123182262017,0.70703125,0.2048,0.7607178464606181,0.4012
GDELT,2,base_plus_c,0.7714103945745121,0.11353338937098274,0.011105369763493711,0.7122736418511066,0.1988,0.7664015904572564,0.4024
GDELT,2,base_plus_z,0.7667903291723609,0.11243164520884542,0.015265569929371862,0.7083753784056509,0.1982,0.7659057795046139,0.4118
GDELT,2,base_plus_fd,0.7700835873729162,0.11329876609788689,0.02031482468186341,0.7141527001862198,0.2148,0.7694595934556272,0.4034
GDELT,2,without_diversity,0.7668679836613883,0.1124246954201785,0.015582743110110282,0.709452736318408,0.201,0.7690441533236293,0.4122
GDELT,2,without_fragility,0.7660434974409054,0.11231102594603405,0.015742847451403485,0.707631318136769,0.2018,0.7663551401869159,0.4066
GDELT,2,nonredundant,0.7661718301820815,0.11232334357915293,0.01572130852711618,0.7087857847976308,0.2026,0.7670426679744973,0.4078
GDELT,2,full_original,0.7660533197961444,0.11230898909507321,0.015842057470647295,0.7093596059113301,0.203,0.7656019656019656,0.407
GDELT,2,base_plus_window_count,0.7699329545112839,0.11360479968431136,0.014982407628437187,0.707876370887338,0.2006,0.7645,0.4
GDELT,2,base_plus_softmax_entropy,0.7697571908117248,0.11357232101517761,0.016660543982595675,0.7116682738669238,0.2074,0.762962962962963,0.405
GDELT,3,margin_only,0.793209829627816,0.11704741038048365,0.01084083422409296,0.7641408751334045,0.1874,0.7968363816114681,0.4046
GDELT,3,matched_base,0.7682654493296347,0.11311175674182698,0.02643935776758183,0.7040923399790137,0.1906,0.7557673019057172,0.3988
GDELT,3,base_plus_c,0.7687654862944887,0.11303633886118254,0.022779135675713724,0.7053941908713693,0.1928,0.7564356435643564,0.404
GDELT,3,base_plus_z,0.76388341732665,0.11200593467586516,0.01938258988557152,0.70042194092827,0.1896,0.7603960396039604,0.404
GDELT,3,base_plus_fd,0.7671458070035938,0.1127535906481772,0.021229499542558403,0.6973947895791583,0.1996,0.7646464646464647,0.396
GDELT,3,without_diversity,0.7637999408108577,0.1119983793974573,0.016055185337779852,0.7058823529411765,0.1938,0.7646479566715904,0.4062
GDELT,3,without_fragility,0.7622944109520108,0.11181691252687642,0.019378007286169643,0.6993736951983298,0.1916,0.7633816908454227,0.3998
GDELT,3,nonredundant,0.7623123743640088,0.11182270265261629,0.020026829150968716,0.6978193146417445,0.1926,0.7635270541082164,0.3992
GDELT,3,full_original,0.7621170366030443,0.11179494123576901,0.01959117500263029,0.6990692864529473,0.1934,0.7632898696088265,0.3988
GDELT,3,base_plus_window_count,0.7678728927614068,0.11305943508557077,0.025154959728660147,0.7067357512953368,0.193,0.7572427572427572,0.4004
GDELT,3,base_plus_softmax_entropy,0.7676570587530128,0.11304885236817415,0.02781639276861043,0.7058823529411765,0.1938,0.7588440458395616,0.4014
GDELT,4,margin_only,0.793209829627816,0.11698827852313716,0.006845306402812515,0.7642105263157895,0.19,0.7952047952047953,0.4004
GDELT,4,matched_base,0.7694401394936746,0.1134798018732605,0.008701774778622533,0.7060637204522097,0.1946,0.7603266090297791,0.4164
GDELT,4,base_plus_c,0.7694840701686302,0.11348382669871897,0.008372675177660258,0.7040082219938335,0.1946,0.7603068072866731,0.4172
GDELT,4,base_plus_z,0.7662086640539696,0.11282111923828483,0.015591075951655623,0.7006237006237006,0.1924,0.7630946660259491,0.4162
GDELT,4,base_plus_fd,0.7681806558215091,0.11333294256988485,0.012255643446335623,0.7035573122529645,0.2024,0.7611650485436893,0.412
GDELT,4,without_diversity,0.7662007417355263,0.11282059624909262,0.015583328812523507,0.7005181347150259,0.193,0.7628667628667629,0.4158
GDELT,4,without_fragility,0.7653503932957496,0.11271527841071328,0.018188289215267085,0.6990788126919141,0.1954,0.7628420547287565,0.4166
GDELT,4,nonredundant,0.7651785658098266,0.11268117908024938,0.01798313298213015,0.6937697993664202,0.1894,0.7619507484307098,0.4142
GDELT,4,full_original,0.7649542939759005,0.11265079272291814,0.01766824941612608,0.6938349007314525,0.1914,0.7623906705539358,0.4116
GDELT,4,base_plus_window_count,0.76910768575923,0.1134418921014333,0.009809375686497172,0.7097107438016529,0.1936,0.760827718960539,0.4156
GDELT,4,base_plus_softmax_entropy,0.7686033890790063,0.11352468083371905,0.008279683179634487,0.7058823529411765,0.1972,0.7613746369796709,0.4132
