selector,aurc,mrr,hits1,hits3,hits10,neural_mrr,neural_hits1,neural_hits3,neural_hits10,brier,ece,risk20,worst_flip1_20,random_flip2_20,shifted_flip_20,wide_flip_20,event_flip_20,deployed_coverage20,deployed_risk20,risk40,worst_flip1_40,random_flip2_40,shifted_flip_40,wide_flip_40,event_flip_40,deployed_coverage40,deployed_risk40,certified_coverage,seed,model,dataset
max_probability,0.496664000449958,0.5033751977002157,0.3861836896278701,0.5674980205859066,0.7379255740300871,0.454882275312292,0.3256136183689628,0.5249406175771971,0.7203087885985748,0.327116517576866,0.2820874431696812,0.415,0.249,0.070625,0.251,0.261,0.232,0.316,0.4620253164556962,0.49,0.3325,0.0973125,0.33,0.3435,0.2935,0.5532,0.5332610267534346,,0,TemporalComplEx,ICEWS05-15
candidate_probability,0.4496833325921978,0.5033751977002157,0.3861836896278701,0.5674980205859066,0.7379255740300871,0.454882275312292,0.3256136183689628,0.5249406175771971,0.7203087885985748,0.2672012971400669,0.2244855173015461,0.354,0.131,0.02475,0.131,0.141,0.107,0.32,0.400625,0.4355,0.1755,0.028625,0.1745,0.186,0.141,0.4938,0.4698258404212232,,0,TemporalComplEx,ICEWS05-15
neural_margin,0.4983260271796021,0.5033751977002157,0.3861836896278701,0.5674980205859066,0.7379255740300871,0.454882275312292,0.3256136183689628,0.5249406175771971,0.7203087885985748,,,0.414,0.25,0.072,0.251,0.263,0.231,0.3072,0.4602864583333333,0.489,0.3355,0.1015,0.3345,0.3455,0.299,0.5394,0.5302187615869485,,0,TemporalComplEx,ICEWS05-15
negative_entropy,0.4991103840170424,0.5033751977002157,0.3861836896278701,0.5674980205859066,0.7379255740300871,0.454882275312292,0.3256136183689628,0.5249406175771971,0.7203087885985748,,,0.411,0.246,0.0655,0.247,0.257,0.226,0.351,0.4735042735042735,0.491,0.3305,0.0858125,0.328,0.3405,0.2905,0.6098,0.5480485405050837,,0,TemporalComplEx,ICEWS05-15
hybrid_max,0.4406177486564107,0.5033751977002157,0.3861836896278701,0.5674980205859066,0.7379255740300871,0.454882275312292,0.3256136183689628,0.5249406175771971,0.7203087885985748,0.2506911109591553,0.1858949234458725,0.287,0.144,0.0625,0.142,0.148,0.13,0.1548,0.2739018087855297,0.4589999999999999,0.3795,0.2525,0.378,0.385,0.3535,0.3108,0.398970398970399,,0,TemporalComplEx,ICEWS05-15
hybrid_margin,0.4444585892672783,0.5033751977002157,0.3861836896278701,0.5674980205859066,0.7379255740300871,0.454882275312292,0.3256136183689628,0.5249406175771971,0.7203087885985748,,,0.304,0.177,0.098125,0.172,0.178,0.161,0.1472,0.2730978260869565,0.4505,0.358,0.2345625,0.3555,0.364,0.331,0.3058,0.3976455199476782,,0,TemporalComplEx,ICEWS05-15
Probability calibration,0.4406177486564107,0.5033751977002157,0.3861836896278701,0.5674980205859066,0.7379255740300871,0.454882275312292,0.3256136183689628,0.5249406175771971,0.7203087885985748,0.2118234485751029,0.0832220930470819,0.287,0.144,0.0625,0.142,0.148,0.13,0.1548,0.2739018087855297,0.4589999999999999,0.3795,0.2525,0.378,0.385,0.3535,0.3108,0.398970398970399,,0,TemporalComplEx,ICEWS05-15
Score calibration,0.41944188503342,0.5033751977002157,0.3861836896278701,0.5674980205859066,0.7379255740300871,0.454882275312292,0.3256136183689628,0.5249406175771971,0.7203087885985748,0.1982255188953276,0.0384071447166367,0.254,0.088,0.021625,0.085,0.091,0.075,0.1876,0.253731343283582,0.379,0.224,0.1379375,0.2245,0.229,0.209,0.3736,0.3586723768736617,,0,TemporalComplEx,ICEWS05-15
Evidence calibration,0.3877888211822127,0.5033751977002157,0.3861836896278701,0.5674980205859066,0.7379255740300871,0.454882275312292,0.3256136183689628,0.5249406175771971,0.7203087885985748,0.183316239686497,0.0313762158645002,0.2079999999999999,0.03,0.023125,0.039,0.039,0.024,0.2768,0.2716763005780347,0.353,0.169,0.0775,0.1765,0.1835,0.1475,0.4774,0.3942186845412652,,0,TemporalComplEx,ICEWS05-15
Certificate calibration,0.3840505274156929,0.5033751977002157,0.3861836896278701,0.5674980205859066,0.7379255740300871,0.454882275312292,0.3256136183689628,0.5249406175771971,0.7203087885985748,0.1812604407378062,0.024625021069815,0.2049999999999999,0.0,0.008375,0.004,0.003,0.003,0.3064,0.2865535248041775,0.347,0.0675,0.0403125,0.0805,0.0875,0.066,0.4956,0.4063761097659403,,0,TemporalComplEx,ICEWS05-15
Ensemble calibration,0.3864692647782481,0.5033751977002157,0.3861836896278701,0.5674980205859066,0.7379255740300871,0.454882275312292,0.3256136183689628,0.5249406175771971,0.7203087885985748,0.1800380255478928,0.0297720383896819,0.2109999999999999,0.078,0.0225,0.08,0.084,0.067,0.2322,0.2334194659776055,0.3359999999999999,0.184,0.078875,0.185,0.1925,0.1655,0.4192,0.3497137404580153,,0,TemporalComplEx,ICEWS05-15
ensemble_probability,0.4209797177704384,0.5033751977002157,0.3861836896278701,0.5674980205859066,0.7379255740300871,0.454882275312292,0.3256136183689628,0.5249406175771971,0.7203087885985748,0.2260602961831483,0.1592766780064873,0.306,0.118,0.016375,0.12,0.127,0.103,0.3556,0.3841394825646794,0.404,0.184,0.0295625,0.1825,0.1925,0.1465,0.5376,0.4557291666666666,,0,TemporalComplEx,ICEWS05-15
Temperature scaling,0.4590719619512042,0.5033751977002157,0.3861836896278701,0.5674980205859066,0.7379255740300871,0.454882275312292,0.3256136183689628,0.5249406175771971,0.7203087885985748,0.2628166515521142,0.2105035931766081,0.38,0.137,0.022,0.137,0.149,0.108,0.385,0.4535064935064935,0.4565,0.2115,0.0368125,0.21,0.223,0.172,0.567,0.4800705467372134,,0,TemporalComplEx,ICEWS05-15
Certified 1-window,,0.5033751977002157,0.3861836896278701,0.5674980205859066,0.7379255740300871,0.454882275312292,0.3256136183689628,0.5249406175771971,0.7203087885985748,,,0.2049999999999999,0.0,0.008375,0.004,0.003,0.003,0.3002,0.285143237841439,0.3555,0.0,0.0241875,0.0205,0.0245,0.0115,0.4236,0.3796033994334278,0.561,0,TemporalComplEx,ICEWS05-15
Certified 2-window,,0.5033751977002157,0.3861836896278701,0.5674980205859066,0.7379255740300871,0.454882275312292,0.3256136183689628,0.5249406175771971,0.7203087885985748,,,0.2129999999999999,0.0,0.0,0.0,0.0,0.003,0.264,0.2765151515151515,0.407,0.0,0.0,0.004,0.0,0.009,0.347,0.3567723342939481,0.4544,0,TemporalComplEx,ICEWS05-15
max_probability,0.5136888094238578,0.5043704288776116,0.3891528107680126,0.5619556611243072,0.7389152810768013,0.4551768750729437,0.3248218527315915,0.5197941409342834,0.723673792557403,0.2730337286510667,0.1887613388805024,0.4469999999999999,0.306,0.062375,0.299,0.316,0.262,0.4626,0.5361003026372676,0.5195000000000001,0.4015,0.087125,0.3965,0.417,0.3585,0.7266,0.584916047343793,,1,TemporalComplEx,ICEWS05-15
candidate_probability,0.4465378673876192,0.5043704288776116,0.3891528107680126,0.5619556611243072,0.7389152810768013,0.4551768750729437,0.3248218527315915,0.5197941409342834,0.723673792557403,0.2803016552428804,0.2465339508853142,0.379,0.157,0.02,0.156,0.162,0.132,0.413,0.4416464891041162,0.4399999999999999,0.253,0.0403125,0.2495,0.265,0.22,0.586,0.4668941979522184,,1,TemporalComplEx,ICEWS05-15
neural_margin,0.5083976912586399,0.5043704288776116,0.3891528107680126,0.5619556611243072,0.7389152810768013,0.4551768750729437,0.3248218527315915,0.5197941409342834,0.723673792557403,,,0.4419999999999999,0.3,0.064375,0.296,0.312,0.262,0.4162,0.5223450264296012,0.5165,0.401,0.0911875,0.3915,0.415,0.354,0.6574,0.5670824459993915,,1,TemporalComplEx,ICEWS05-15
negative_entropy,0.5352911570630615,0.5043704288776116,0.3891528107680126,0.5619556611243072,0.7389152810768013,0.4551768750729437,0.3248218527315915,0.5197941409342834,0.723673792557403,,,0.473,0.327,0.054875,0.326,0.339,0.282,0.5216,0.5786042944785277,0.5565,0.4425,0.087,0.435,0.458,0.388,0.7536,0.6042993630573248,,1,TemporalComplEx,ICEWS05-15
hybrid_max,0.4639940039425254,0.5043704288776116,0.3891528107680126,0.5619556611243072,0.7389152810768013,0.4551768750729437,0.3248218527315915,0.5197941409342834,0.723673792557403,0.2510773644649454,0.149437847074134,0.3399999999999999,0.273,0.187875,0.266,0.275,0.254,0.18,0.31,0.4805,0.438,0.264,0.434,0.4465,0.408,0.3204,0.4737827715355805,,1,TemporalComplEx,ICEWS05-15
hybrid_margin,0.4701414919659398,0.5043704288776116,0.3891528107680126,0.5619556611243072,0.7389152810768013,0.4551768750729437,0.3248218527315915,0.5197941409342834,0.723673792557403,,,0.411,0.368,0.27925,0.368,0.37,0.349,0.1496,0.3275401069518716,0.4855,0.4345,0.2629375,0.4285,0.442,0.402,0.3096,0.4767441860465116,,1,TemporalComplEx,ICEWS05-15
Probability calibration,0.4639940039425254,0.5043704288776116,0.3891528107680126,0.5619556611243072,0.7389152810768013,0.4551768750729437,0.3248218527315915,0.5197941409342834,0.723673792557403,0.2225704662057627,0.0289991942688475,0.3399999999999999,0.273,0.187875,0.266,0.275,0.254,0.18,0.31,0.4805,0.438,0.264,0.434,0.4465,0.408,0.3204,0.4737827715355805,,1,TemporalComplEx,ICEWS05-15
Score calibration,0.4270315624910694,0.5043704288776116,0.3891528107680126,0.5619556611243072,0.7389152810768013,0.4551768750729437,0.3248218527315915,0.5197941409342834,0.723673792557403,0.2062487803540245,0.0492385599335379,0.27,0.13,0.061375,0.127,0.134,0.12,0.2262,0.2873563218390804,0.418,0.331,0.19775,0.33,0.338,0.3045,0.3918,0.414497192445125,,1,TemporalComplEx,ICEWS05-15
Evidence calibration,0.3982631922614219,0.5043704288776116,0.3891528107680126,0.5619556611243072,0.7389152810768013,0.4551768750729437,0.3248218527315915,0.5197941409342834,0.723673792557403,0.1895426392271949,0.0119326525928201,0.238,0.035,0.0085,0.046,0.049,0.027,0.3288,0.3169099756690997,0.3675,0.183,0.0339375,0.1845,0.201,0.151,0.5248,0.4432164634146341,,1,TemporalComplEx,ICEWS05-15
Certificate calibration,0.3905364960318253,0.5043704288776116,0.3891528107680126,0.5619556611243072,0.7389152810768013,0.4551768750729437,0.3248218527315915,0.5197941409342834,0.723673792557403,0.1864306512067485,0.0231785200746045,0.2209999999999999,0.0,0.000625,0.005,0.004,0.001,0.3248,0.3084975369458128,0.3555,0.141,0.033625,0.146,0.16,0.123,0.5472,0.4488304093567251,,1,TemporalComplEx,ICEWS05-15
Ensemble calibration,0.385422783386845,0.5043704288776116,0.3891528107680126,0.5619556611243072,0.7389152810768013,0.4551768750729437,0.3248218527315915,0.5197941409342834,0.723673792557403,0.180904533382939,0.0207502958897574,0.2189999999999999,0.105,0.032125,0.104,0.11,0.095,0.2652,0.2624434389140271,0.3335,0.223,0.078125,0.2195,0.2305,0.202,0.4424,0.3621157323688969,,1,TemporalComplEx,ICEWS05-15
ensemble_probability,0.4004282277947504,0.5043704288776116,0.3891528107680126,0.5619556611243072,0.7389152810768013,0.4551768750729437,0.3248218527315915,0.5197941409342834,0.723673792557403,0.2289563141195263,0.1892446655836586,0.29,0.147,0.0225,0.143,0.154,0.127,0.335,0.3337313432835821,0.366,0.2365,0.053,0.2285,0.245,0.2025,0.5492,0.4246176256372905,,1,TemporalComplEx,ICEWS05-15
Temperature scaling,0.4416032841131125,0.5043704288776116,0.3891528107680126,0.5619556611243072,0.7389152810768013,0.4551768750729437,0.3248218527315915,0.5197941409342834,0.723673792557403,0.2645644745242564,0.2253684457268407,0.369,0.157,0.018375,0.153,0.162,0.131,0.3876,0.4282765737874097,0.434,0.2355,0.038375,0.234,0.247,0.206,0.5566,0.4574200503054257,,1,TemporalComplEx,ICEWS05-15
Certified 1-window,,0.5043704288776116,0.3891528107680126,0.5619556611243072,0.7389152810768013,0.4551768750729437,0.3248218527315915,0.5197941409342834,0.723673792557403,,,0.2209999999999999,0.0,0.000625,0.005,0.004,0.001,0.2958,0.290736984448952,0.365,0.0,0.01875,0.027,0.037,0.0145,0.3802,0.3587585481325618,0.5264,1,TemporalComplEx,ICEWS05-15
Certified 2-window,,0.5043704288776116,0.3891528107680126,0.5619556611243072,0.7389152810768013,0.4551768750729437,0.3248218527315915,0.5197941409342834,0.723673792557403,,,0.2189999999999999,0.0,0.0,0.0,0.0,0.001,0.2572,0.2690513219284604,0.4135,0.0,0.0,0.0015,0.0,0.0065,0.2936,0.30858310626703,0.4214,1,TemporalComplEx,ICEWS05-15
max_probability,0.5211031061829743,0.507605884127431,0.3889548693586698,0.5698733174980206,0.7496041171813144,0.453704406358311,0.3256136183689628,0.5146476642913698,0.7288202692003167,0.2770029689524074,0.1964825578743597,0.472,0.205,0.0565,0.211,0.213,0.153,0.4212,0.5327635327635327,0.526,0.3185,0.085625,0.3215,0.332,0.2615,0.7112,0.5832395950506186,,2,TemporalComplEx,ICEWS05-15
candidate_probability,0.4790041567971468,0.507605884127431,0.3889548693586698,0.5698733174980206,0.7496041171813144,0.453704406358311,0.3256136183689628,0.5146476642913698,0.7288202692003167,0.2886395268100271,0.2492547082587948,0.4379999999999999,0.12,0.024875,0.124,0.126,0.071,0.4018,0.4738675958188153,0.474,0.2135,0.036875,0.211,0.2215,0.1605,0.589,0.4947368421052631,,2,TemporalComplEx,ICEWS05-15
neural_margin,0.513369177699188,0.507605884127431,0.3889548693586698,0.5698733174980206,0.7496041171813144,0.453704406358311,0.3256136183689628,0.5146476642913698,0.7288202692003167,,,0.4569999999999999,0.199,0.059875,0.205,0.205,0.151,0.3966,0.518406454866364,0.519,0.3235,0.0921875,0.323,0.336,0.2645,0.6322,0.5627965833596963,,2,TemporalComplEx,ICEWS05-15
negative_entropy,0.5488556805242059,0.507605884127431,0.3889548693586698,0.5698733174980206,0.7496041171813144,0.453704406358311,0.3256136183689628,0.5146476642913698,0.7288202692003167,,,0.508,0.246,0.05975,0.248,0.255,0.189,0.4918,0.5815372102480683,0.5635,0.359,0.08575,0.3615,0.3735,0.297,0.7218,0.6051537822111388,,2,TemporalComplEx,ICEWS05-15
hybrid_max,0.4424999618239741,0.507605884127431,0.3889548693586698,0.5698733174980206,0.7496041171813144,0.453704406358311,0.3256136183689628,0.5146476642913698,0.7288202692003167,0.2192254201713053,0.0619115465638367,0.294,0.127,0.0465,0.126,0.129,0.115,0.2332,0.3224699828473413,0.4605,0.375,0.2509375,0.3735,0.3795,0.3515,0.356,0.4353932584269663,,2,TemporalComplEx,ICEWS05-15
hybrid_margin,0.4430037124045209,0.507605884127431,0.3889548693586698,0.5698733174980206,0.7496041171813144,0.453704406358311,0.3256136183689628,0.5146476642913698,0.7288202692003167,,,0.279,0.178,0.11425,0.178,0.181,0.171,0.1828,0.2516411378555798,0.4609999999999999,0.3785,0.245,0.375,0.3815,0.3545,0.3696,0.4491341991341991,,2,TemporalComplEx,ICEWS05-15
Probability calibration,0.4424999618239741,0.507605884127431,0.3889548693586698,0.5698733174980206,0.7496041171813144,0.453704406358311,0.3256136183689628,0.5146476642913698,0.7288202692003167,0.2145106391472947,0.062155195607144,0.294,0.127,0.0465,0.126,0.129,0.115,0.2332,0.3224699828473413,0.4605,0.375,0.2509375,0.3735,0.3795,0.3515,0.356,0.4353932584269663,,2,TemporalComplEx,ICEWS05-15
Score calibration,0.430009695969386,0.507605884127431,0.3889548693586698,0.5698733174980206,0.7496041171813144,0.453704406358311,0.3256136183689628,0.5146476642913698,0.7288202692003167,0.208516845772608,0.0524782691658869,0.265,0.166,0.09825,0.166,0.168,0.158,0.2046,0.2697947214076246,0.4275,0.3355,0.2185625,0.3345,0.34,0.3145,0.377,0.4169761273209549,,2,TemporalComplEx,ICEWS05-15
Evidence calibration,0.3971137671998805,0.507605884127431,0.3889548693586698,0.5698733174980206,0.7496041171813144,0.453704406358311,0.3256136183689628,0.5146476642913698,0.7288202692003167,0.1883912910355779,0.0349757993750391,0.2309999999999999,0.023,0.01375,0.033,0.033,0.018,0.2922,0.2902121834360027,0.357,0.204,0.0975,0.207,0.215,0.1855,0.474,0.4164556962025316,,2,TemporalComplEx,ICEWS05-15
Certificate calibration,0.3906586765234369,0.507605884127431,0.3889548693586698,0.5698733174980206,0.7496041171813144,0.453704406358311,0.3256136183689628,0.5146476642913698,0.7288202692003167,0.1854920957608576,0.0180262979642555,0.2169999999999999,0.0,0.01,0.005,0.004,0.0,0.289,0.2823529411764706,0.356,0.1125,0.041125,0.123,0.13,0.1065,0.5086,0.429020841525757,,2,TemporalComplEx,ICEWS05-15
Ensemble calibration,0.3857416274984056,0.507605884127431,0.3889548693586698,0.5698733174980206,0.7496041171813144,0.453704406358311,0.3256136183689628,0.5146476642913698,0.7288202692003167,0.1805158031253627,0.0236815601345126,0.2129999999999999,0.11,0.043,0.107,0.112,0.1,0.2542,0.2478363493312352,0.3345,0.2125,0.0939375,0.211,0.2165,0.195,0.4282,0.3554413825315273,,2,TemporalComplEx,ICEWS05-15
ensemble_probability,0.4133673662263163,0.507605884127431,0.3889548693586698,0.5698733174980206,0.7496041171813144,0.453704406358311,0.3256136183689628,0.5146476642913698,0.7288202692003167,0.2292299932687081,0.1762043542814524,0.311,0.111,0.024375,0.106,0.114,0.091,0.3404,0.3507638072855464,0.3844999999999999,0.197,0.0523125,0.1905,0.2035,0.161,0.5802,0.4522578421234057,,2,TemporalComplEx,ICEWS05-15
Temperature scaling,0.4711508843775404,0.507605884127431,0.3889548693586698,0.5698733174980206,0.7496041171813144,0.453704406358311,0.3256136183689628,0.5146476642913698,0.7288202692003167,0.2742944196469618,0.2271472140045062,0.429,0.117,0.025625,0.122,0.122,0.071,0.3884,0.4654994850669413,0.4645,0.203,0.035375,0.2015,0.211,0.1525,0.561,0.485204991087344,,2,TemporalComplEx,ICEWS05-15
Certified 1-window,,0.507605884127431,0.3889548693586698,0.5698733174980206,0.7496041171813144,0.453704406358311,0.3256136183689628,0.5146476642913698,0.7288202692003167,,,0.2169999999999999,0.0,0.01,0.005,0.004,0.0,0.2866,0.2819260293091417,0.3764999999999999,0.0,0.023375,0.026,0.0305,0.013,0.3828,0.3610240334378265,0.5668,2,TemporalComplEx,ICEWS05-15
Certified 2-window,,0.507605884127431,0.3889548693586698,0.5698733174980206,0.7496041171813144,0.453704406358311,0.3256136183689628,0.5146476642913698,0.7288202692003167,,,0.2179999999999999,0.0,0.0,0.0,0.0,0.0,0.2504,0.2571884984025558,0.401,0.0,0.0,0.0025,0.0,0.006,0.305,0.3180327868852459,0.4632,2,TemporalComplEx,ICEWS05-15
max_probability,0.6117125220265781,0.4287596571054025,0.3351789598576231,0.4753806604706347,0.6149891239865533,0.3635697028492188,0.2633972711093533,0.4089381055962033,0.5687166304132885,0.293789312879787,0.2579790481823967,0.593,0.431,0.180125,0.433,0.465,0.346,0.5774,0.624177346726706,0.6234999999999999,0.483,0.22075,0.4865,0.5105,0.3965,0.7416,0.6235167206040992,,0,TemporalComplEx,ICEWS14
candidate_probability,0.5390758142504906,0.4287596571054025,0.3351789598576231,0.4753806604706347,0.6149891239865533,0.3635697028492188,0.2633972711093533,0.4089381055962033,0.5687166304132885,0.2996608998775696,0.2877069725622764,0.483,0.221,0.082125,0.236,0.256,0.174,0.4096,0.49755859375,0.496,0.272,0.118875,0.2775,0.2955,0.2165,0.5914,0.5478525532634426,,0,TemporalComplEx,ICEWS14
neural_margin,0.5982654857195902,0.4287596571054025,0.3351789598576231,0.4753806604706347,0.6149891239865533,0.3635697028492188,0.2633972711093533,0.4089381055962033,0.5687166304132885,,,0.5840000000000001,0.418,0.188,0.423,0.45,0.35,0.483,0.6004140786749482,0.5994999999999999,0.4675,0.2255,0.4705,0.494,0.3875,0.6774,0.6046648951874816,,0,TemporalComplEx,ICEWS14
negative_entropy,0.6377020383966672,0.4287596571054025,0.3351789598576231,0.4753806604706347,0.6149891239865533,0.3635697028492188,0.2633972711093533,0.4089381055962033,0.5687166304132885,,,0.638,0.467,0.18425,0.472,0.505,0.367,0.6064,0.6497361477572559,0.648,0.5085,0.22775,0.513,0.537,0.4185,0.7582,0.6465312582432077,,0,TemporalComplEx,ICEWS14
hybrid_max,0.5191196359195185,0.4287596571054025,0.3351789598576231,0.4753806604706347,0.6149891239865533,0.3635697028492188,0.2633972711093533,0.4089381055962033,0.5687166304132885,0.2270018437679773,0.1257886614009443,0.471,0.521,0.57575,0.53,0.536,0.474,0.1686,0.4863582443653618,0.5,0.4795,0.4303125,0.4895,0.497,0.4255,0.542,0.5527675276752768,,0,TemporalComplEx,ICEWS14
hybrid_margin,0.5133862294768791,0.4287596571054025,0.3351789598576231,0.4753806604706347,0.6149891239865533,0.3635697028492188,0.2633972711093533,0.4089381055962033,0.5687166304132885,,,0.477,0.526,0.5785,0.536,0.54,0.478,0.155,0.472258064516129,0.4995,0.44,0.4024375,0.4475,0.4615,0.377,0.6064,0.5771767810026385,,0,TemporalComplEx,ICEWS14
Probability calibration,0.5191196359195185,0.4287596571054025,0.3351789598576231,0.4753806604706347,0.6149891239865533,0.3635697028492188,0.2633972711093533,0.4089381055962033,0.5687166304132885,0.20634989351462,0.0285797038267837,0.471,0.521,0.57575,0.53,0.536,0.474,0.1686,0.4863582443653618,0.5,0.4795,0.4303125,0.4895,0.497,0.4255,0.542,0.5527675276752768,,0,TemporalComplEx,ICEWS14
Score calibration,0.5036010240313437,0.4287596571054025,0.3351789598576231,0.4753806604706347,0.6149891239865533,0.3635697028492188,0.2633972711093533,0.4089381055962033,0.5687166304132885,0.2006221984899485,0.0291363137128021,0.407,0.37,0.394,0.377,0.381,0.341,0.2014,0.407149950347567,0.4955,0.4435,0.4039375,0.451,0.4665,0.391,0.5354,0.5480014942099365,,0,TemporalComplEx,ICEWS14
Evidence calibration,0.4644210626552312,0.4287596571054025,0.3351789598576231,0.4753806604706347,0.6149891239865533,0.3635697028492188,0.2633972711093533,0.4089381055962033,0.5687166304132885,0.1854553886159688,0.0312754016338626,0.301,0.06,0.072,0.084,0.089,0.039,0.309,0.397411003236246,0.4705,0.382,0.31475,0.388,0.4055,0.3235,0.5798,0.5529492928596067,,0,TemporalComplEx,ICEWS14
Certificate calibration,0.4613116843995154,0.4287596571054025,0.3351789598576231,0.4753806604706347,0.6149891239865533,0.3635697028492188,0.2633972711093533,0.4089381055962033,0.5687166304132885,0.1842616165410766,0.0281611002489328,0.305,0.002,0.051625,0.034,0.025,0.01,0.3214,0.4156813939016801,0.4669999999999999,0.333,0.2899375,0.3505,0.36,0.2955,0.564,0.5471631205673759,,0,TemporalComplEx,ICEWS14
Ensemble calibration,0.4260037145172214,0.4287596571054025,0.3351789598576231,0.4753806604706347,0.6149891239865533,0.3635697028492188,0.2633972711093533,0.4089381055962033,0.5687166304132885,0.1618017493264058,0.0442951226330644,0.285,0.185,0.15075,0.2,0.196,0.17,0.2352,0.2763605442176871,0.3964999999999999,0.328,0.27525,0.34,0.345,0.2925,0.4262,0.4134209291412483,,0,TemporalComplEx,ICEWS14
ensemble_probability,0.5037858678221886,0.4287596571054025,0.3351789598576231,0.4753806604706347,0.6149891239865533,0.3635697028492188,0.2633972711093533,0.4089381055962033,0.5687166304132885,0.2886366776259264,0.2817360874230801,0.4419999999999999,0.216,0.09375,0.227,0.251,0.162,0.4384,0.4844890510948905,0.4765,0.307,0.1460625,0.3105,0.332,0.2475,0.6678,0.5540581012279125,,0,TemporalComplEx,ICEWS14
Temperature scaling,0.5260267593693622,0.4287596571054025,0.3351789598576231,0.4753806604706347,0.6149891239865533,0.3635697028492188,0.2633972711093533,0.4089381055962033,0.5687166304132885,0.2678895295028847,0.24293946781531,0.4499999999999999,0.19,0.069,0.198,0.219,0.151,0.3616,0.4745575221238938,0.4865,0.2295,0.103875,0.234,0.2535,0.182,0.5496,0.5320232896652111,,0,TemporalComplEx,ICEWS14
Certified 1-window,,0.4287596571054025,0.3351789598576231,0.4753806604706347,0.6149891239865533,0.3635697028492188,0.2633972711093533,0.4089381055962033,0.5687166304132885,,,0.305,0.0,0.0525,0.032,0.023,0.009,0.2612,0.3866768759571209,0.481,0.0,0.050375,0.0535,0.048,0.0175,0.2934,0.4130879345603272,0.578,0,TemporalComplEx,ICEWS14
Certified 2-window,,0.4287596571054025,0.3351789598576231,0.4753806604706347,0.6149891239865533,0.3635697028492188,0.2633972711093533,0.4089381055962033,0.5687166304132885,,,0.3329999999999999,0.0,0.0,0.007,0.0,0.017,0.2038,0.338567222767419,0.5275000000000001,0.0,0.0,0.006,0.0,0.0095,0.2202,0.3596730245231607,0.497,0,TemporalComplEx,ICEWS14
max_probability,0.6136216644275403,0.4324822521095142,0.3357721969547162,0.4813130314415661,0.6244809175400435,0.3679234199876032,0.265967965196757,0.4225825588293455,0.5693098675103816,0.2929658045067319,0.2549497467106328,0.609,0.272,0.1375,0.274,0.29,0.203,0.5704,0.626577840112202,0.615,0.396,0.2014375,0.4045,0.421,0.3235,0.7266,0.6245527112579136,,1,TemporalComplEx,ICEWS14
candidate_probability,0.5710422741008452,0.4324822521095142,0.3357721969547162,0.4813130314415661,0.6244809175400435,0.3679234199876032,0.265967965196757,0.4225825588293455,0.5693098675103816,0.3013785969064909,0.2807658778995662,0.563,0.16,0.064875,0.171,0.185,0.104,0.4376,0.5301645338208409,0.5285,0.2365,0.1025,0.241,0.2555,0.179,0.6326,0.5697122984508378,,1,TemporalComplEx,ICEWS14
neural_margin,0.599235590141384,0.4324822521095142,0.3357721969547162,0.4813130314415661,0.6244809175400435,0.3679234199876032,0.265967965196757,0.4225825588293455,0.5693098675103816,,,0.594,0.271,0.135875,0.268,0.287,0.206,0.4756,0.6000841042893188,0.5985,0.3795,0.2021875,0.3805,0.3995,0.3065,0.6816,0.6097417840375587,,1,TemporalComplEx,ICEWS14
negative_entropy,0.6415118053986819,0.4324822521095142,0.3357721969547162,0.4813130314415661,0.6244809175400435,0.3679234199876032,0.265967965196757,0.4225825588293455,0.5693098675103816,,,0.635,0.319,0.1535,0.328,0.348,0.244,0.6072,0.6508563899868247,0.6505000000000001,0.426,0.211875,0.4365,0.4535,0.348,0.7402,0.6490137800594433,,1,TemporalComplEx,ICEWS14
hybrid_max,0.5082226737523919,0.4324822521095142,0.3357721969547162,0.4813130314415661,0.6244809175400435,0.3679234199876032,0.265967965196757,0.4225825588293455,0.5693098675103816,0.2157559583788828,0.0845723370674714,0.4399999999999999,0.46,0.512875,0.464,0.477,0.423,0.203,0.445320197044335,0.4985,0.431,0.3985625,0.4375,0.451,0.385,0.5822,0.5685331501202335,,1,TemporalComplEx,ICEWS14
hybrid_margin,0.5082916544894766,0.4324822521095142,0.3357721969547162,0.4813130314415661,0.6244809175400435,0.3679234199876032,0.265967965196757,0.4225825588293455,0.5693098675103816,,,0.4429999999999999,0.472,0.523,0.476,0.489,0.433,0.1662,0.4199759326113117,0.502,0.404,0.3785625,0.411,0.4275,0.355,0.6066,0.5750082426640291,,1,TemporalComplEx,ICEWS14
Probability calibration,0.5082226737523919,0.4324822521095142,0.3357721969547162,0.4813130314415661,0.6244809175400435,0.3679234199876032,0.265967965196757,0.4225825588293455,0.5693098675103816,0.2051824296160599,0.0289970846528995,0.4399999999999999,0.46,0.512875,0.464,0.477,0.423,0.203,0.445320197044335,0.4985,0.431,0.3985625,0.4375,0.451,0.385,0.5822,0.5685331501202335,,1,TemporalComplEx,ICEWS14
Score calibration,0.5067405155024001,0.4324822521095142,0.3357721969547162,0.4813130314415661,0.6244809175400435,0.3679234199876032,0.265967965196757,0.4225825588293455,0.5693098675103816,0.2030210497746032,0.0201459100731673,0.4389999999999999,0.468,0.51725,0.473,0.485,0.43,0.1654,0.4135429262394196,0.5005,0.428,0.3945,0.436,0.45,0.3815,0.553,0.555877034358047,,1,TemporalComplEx,ICEWS14
Evidence calibration,0.4671469146021707,0.4324822521095142,0.3357721969547162,0.4813130314415661,0.6244809175400435,0.3679234199876032,0.265967965196757,0.4225825588293455,0.5693098675103816,0.1868252640540769,0.0300092794298161,0.31,0.081,0.08,0.109,0.113,0.065,0.3048,0.3937007874015747,0.4685,0.3785,0.31275,0.3885,0.4005,0.33,0.5858,0.5609423011266643,,1,TemporalComplEx,ICEWS14
Certificate calibration,0.4647384043589046,0.4324822521095142,0.3357721969547162,0.4813130314415661,0.6244809175400435,0.3679234199876032,0.265967965196757,0.4225825588293455,0.5693098675103816,0.1857041753515341,0.0241638259938148,0.3159999999999999,0.012,0.067125,0.048,0.046,0.017,0.295,0.384406779661017,0.4665,0.329,0.3000625,0.3465,0.357,0.297,0.5756,0.5559416261292565,,1,TemporalComplEx,ICEWS14
Ensemble calibration,0.4279209897338829,0.4324822521095142,0.3357721969547162,0.4813130314415661,0.6244809175400435,0.3679234199876032,0.265967965196757,0.4225825588293455,0.5693098675103816,0.1625881814377092,0.0388886241389428,0.289,0.213,0.1795,0.227,0.228,0.198,0.2458,0.2896663954434499,0.3924999999999999,0.334,0.2896875,0.347,0.3545,0.305,0.415,0.4028915662650603,,1,TemporalComplEx,ICEWS14
ensemble_probability,0.5209287810161559,0.4324822521095142,0.3357721969547162,0.4813130314415661,0.6244809175400435,0.3679234199876032,0.265967965196757,0.4225825588293455,0.5693098675103816,0.2883876420174712,0.27689783638402,0.493,0.165,0.07825,0.171,0.188,0.107,0.4618,0.5097444781290602,0.503,0.254,0.1283125,0.2635,0.282,0.193,0.6748,0.560462359217546,,1,TemporalComplEx,ICEWS14
Temperature scaling,0.5580022044594065,0.4324822521095142,0.3357721969547162,0.4813130314415661,0.6244809175400435,0.3679234199876032,0.265967965196757,0.4225825588293455,0.5693098675103816,0.2802914443616769,0.2549142923663172,0.536,0.137,0.0575,0.144,0.159,0.086,0.3922,0.5211626721060683,0.5245,0.2,0.086875,0.2075,0.218,0.1525,0.5986,0.5603073838957567,,1,TemporalComplEx,ICEWS14
Certified 1-window,,0.4324822521095142,0.3357721969547162,0.4813130314415661,0.6244809175400435,0.3679234199876032,0.265967965196757,0.4225825588293455,0.5693098675103816,,,0.3189999999999999,0.0,0.064625,0.039,0.034,0.008,0.2464,0.3612012987012987,0.4815,0.0,0.0480625,0.055,0.049,0.0195,0.327,0.4581039755351682,0.6098,1,TemporalComplEx,ICEWS14
Certified 2-window,,0.4324822521095142,0.3357721969547162,0.4813130314415661,0.6244809175400435,0.3679234199876032,0.265967965196757,0.4225825588293455,0.5693098675103816,,,0.3309999999999999,0.0,0.0,0.003,0.0,0.01,0.1972,0.3245436105476673,0.5245,0.0,0.0,0.006,0.0,0.0115,0.2516,0.4181240063593004,0.5292,1,TemporalComplEx,ICEWS14
max_probability,0.5971957374984814,0.4319350201111693,0.3365631797508404,0.4836859798299387,0.6185485465691121,0.3719952259838862,0.270516116274471,0.4233735416254696,0.5748467470832509,0.2866092698751317,0.2449566598043767,0.5720000000000001,0.388,0.17625,0.41,0.426,0.319,0.588,0.6214285714285714,0.6125,0.449,0.21075,0.4685,0.4835,0.38,0.7488,0.6215277777777778,,2,TemporalComplEx,ICEWS14
candidate_probability,0.5251646259563634,0.4319350201111693,0.3365631797508404,0.4836859798299387,0.6185485465691121,0.3719952259838862,0.270516116274471,0.4233735416254696,0.5748467470832509,0.2937644844245076,0.2792091021416367,0.4619999999999999,0.194,0.079875,0.22,0.222,0.161,0.431,0.4928074245939675,0.487,0.2535,0.1215,0.2735,0.2815,0.2095,0.611,0.5440261865793781,,2,TemporalComplEx,ICEWS14
neural_margin,0.583436498036016,0.4319350201111693,0.3365631797508404,0.4836859798299387,0.6185485465691121,0.3719952259838862,0.270516116274471,0.4233735416254696,0.5748467470832509,,,0.5489999999999999,0.368,0.175875,0.388,0.401,0.307,0.4866,0.5926839293053843,0.5945,0.448,0.2235625,0.4615,0.4795,0.386,0.7056,0.610827664399093,,2,TemporalComplEx,ICEWS14
negative_entropy,0.624034884152547,0.4319350201111693,0.3365631797508404,0.4836859798299387,0.6185485465691121,0.3719952259838862,0.270516116274471,0.4233735416254696,0.5748467470832509,,,0.612,0.418,0.17525,0.43,0.455,0.332,0.6102,0.6453621763356276,0.641,0.483,0.21975,0.499,0.518,0.404,0.7558,0.6401164329187616,,2,TemporalComplEx,ICEWS14
hybrid_max,0.5170106855792727,0.4319350201111693,0.3365631797508404,0.4836859798299387,0.6185485465691121,0.3719952259838862,0.270516116274471,0.4233735416254696,0.5748467470832509,0.2273073662483163,0.1258561262583067,0.472,0.507,0.55475,0.516,0.524,0.465,0.173,0.4797687861271676,0.502,0.474,0.42375,0.4885,0.494,0.423,0.5486,0.5515858549033905,,2,TemporalComplEx,ICEWS14
hybrid_margin,0.5137474076847844,0.4319350201111693,0.3365631797508404,0.4836859798299387,0.6185485465691121,0.3719952259838862,0.270516116274471,0.4233735416254696,0.5748467470832509,,,0.473,0.51,0.55725,0.521,0.529,0.468,0.1524,0.4645669291338582,0.4965,0.433,0.3925,0.444,0.459,0.3745,0.614,0.5729641693811075,,2,TemporalComplEx,ICEWS14
Probability calibration,0.5170106855792727,0.4319350201111693,0.3365631797508404,0.4836859798299387,0.6185485465691121,0.3719952259838862,0.270516116274471,0.4233735416254696,0.5748467470832509,0.2069523149022554,0.0365097797348237,0.472,0.507,0.55475,0.516,0.524,0.465,0.173,0.4797687861271676,0.502,0.474,0.42375,0.4885,0.494,0.423,0.5486,0.5515858549033905,,2,TemporalComplEx,ICEWS14
Score calibration,0.4935881157676718,0.4319350201111693,0.3365631797508404,0.4836859798299387,0.6185485465691121,0.3719952259838862,0.270516116274471,0.4233735416254696,0.5748467470832509,0.199028831054726,0.0270538501670596,0.386,0.348,0.376375,0.365,0.364,0.32,0.204,0.3911764705882353,0.4865,0.4285,0.3874375,0.445,0.4525,0.3815,0.536,0.5421641791044776,,2,TemporalComplEx,ICEWS14
Evidence calibration,0.4614821583676545,0.4319350201111693,0.3365631797508404,0.4836859798299387,0.6185485465691121,0.3719952259838862,0.270516116274471,0.4233735416254696,0.5748467470832509,0.1849880486462742,0.029348495919745,0.294,0.054,0.067125,0.087,0.081,0.035,0.2948,0.3778833107191316,0.4639999999999999,0.3645,0.303875,0.3865,0.3915,0.3185,0.581,0.5490533562822719,,2,TemporalComplEx,ICEWS14
Certificate calibration,0.459907940975074,0.4319350201111693,0.3365631797508404,0.4836859798299387,0.6185485465691121,0.3719952259838862,0.270516116274471,0.4233735416254696,0.5748467470832509,0.1845211817490477,0.029409931179797,0.306,0.003,0.053,0.042,0.032,0.004,0.3176,0.3973551637279596,0.4595,0.3025,0.2739375,0.336,0.3365,0.2855,0.5586,0.5388471177944862,,2,TemporalComplEx,ICEWS14
Ensemble calibration,0.424867950323444,0.4319350201111693,0.3365631797508404,0.4836859798299387,0.6185485465691121,0.3719952259838862,0.270516116274471,0.4233735416254696,0.5748467470832509,0.1620043329548165,0.0405161444639598,0.278,0.164,0.126,0.182,0.176,0.146,0.237,0.2717299578059071,0.3944999999999999,0.303,0.24675,0.325,0.323,0.2725,0.427,0.4098360655737705,,2,TemporalComplEx,ICEWS14
ensemble_probability,0.5013674121031517,0.4319350201111693,0.3365631797508404,0.4836859798299387,0.6185485465691121,0.3719952259838862,0.270516116274471,0.4233735416254696,0.5748467470832509,0.2891966980275758,0.2823080642265618,0.4439999999999999,0.213,0.093375,0.231,0.244,0.157,0.446,0.4811659192825112,0.4735,0.285,0.1356875,0.306,0.3185,0.232,0.6576,0.5468369829683699,,2,TemporalComplEx,ICEWS14
Temperature scaling,0.5126661910399725,0.4319350201111693,0.3365631797508404,0.4836859798299387,0.6185485465691121,0.3719952259838862,0.270516116274471,0.4233735416254696,0.5748467470832509,0.2651188624649155,0.2420566480222133,0.4379999999999999,0.164,0.064125,0.19,0.189,0.138,0.3838,0.4674309536216779,0.473,0.219,0.1058125,0.24,0.244,0.1845,0.5724,0.5276030747728861,,2,TemporalComplEx,ICEWS14
Certified 1-window,,0.4319350201111693,0.3365631797508404,0.4836859798299387,0.6185485465691121,0.3719952259838862,0.270516116274471,0.4233735416254696,0.5748467470832509,,,0.305,0.0,0.053,0.04,0.029,0.004,0.2666,0.3818454613653413,0.471,0.0,0.0494375,0.06,0.0555,0.0225,0.311,0.4244372990353697,0.587,2,TemporalComplEx,ICEWS14
Certified 2-window,,0.4319350201111693,0.3365631797508404,0.4836859798299387,0.6185485465691121,0.3719952259838862,0.270516116274471,0.4233735416254696,0.5748467470832509,,,0.3269999999999999,0.0,0.0,0.006,0.0,0.016,0.2082,0.3439000960614793,0.528,0.0,0.0,0.0055,0.0,0.0105,0.2316,0.3687392055267703,0.4998,2,TemporalComplEx,ICEWS14
max_probability,0.2292038743563163,0.6433523718494054,0.5484956452889944,0.7026920031670626,0.8196753760886778,0.6364425761281394,0.5409738717339667,0.694972288202692,0.8123515439429929,0.1902144918908184,0.0729974796094834,0.0929999999999999,0.0,0.0,0.0,0.0,0.0,0.2502,0.1135091926458833,0.1845,0.0,0.0,0.0,0.0,0.0,0.5148,0.2385392385392385,,0,TeRDy,ICEWS05-15
candidate_probability,0.2292342564255764,0.6433523718494054,0.5484956452889944,0.7026920031670626,0.8196753760886778,0.6364425761281394,0.5409738717339667,0.694972288202692,0.8123515439429929,0.1907486384847639,0.0755681962787087,0.0929999999999999,0.0,0.0,0.0,0.0,0.0,0.2502,0.1135091926458833,0.1845,0.0,0.0,0.0,0.0,0.0,0.5146,0.2382432957636999,,0,TeRDy,ICEWS05-15
neural_margin,0.23237516301369,0.6433523718494054,0.5484956452889944,0.7026920031670626,0.8196753760886778,0.6364425761281394,0.5409738717339667,0.694972288202692,0.8123515439429929,,,0.0929999999999999,0.0,0.0,0.0,0.0,0.0,0.2372,0.1070826306913996,0.187,0.0,0.0,0.0,0.0,0.0,0.4994,0.2386864237084501,,0,TeRDy,ICEWS05-15
negative_entropy,0.2415545739488999,0.6433523718494054,0.5484956452889944,0.7026920031670626,0.8196753760886778,0.6364425761281394,0.5409738717339667,0.694972288202692,0.8123515439429929,,,0.1159999999999999,0.001,0.0,0.001,0.001,0.001,0.2902,0.1543762922122674,0.2005,0.006,0.0014375,0.005,0.006,0.0035,0.599,0.287813021702838,,0,TeRDy,ICEWS05-15
hybrid_max,0.2283668266203321,0.6433523718494054,0.5484956452889944,0.7026920031670626,0.8196753760886778,0.6364425761281394,0.5409738717339667,0.694972288202692,0.8123515439429929,0.1901597226435606,0.0812662253707289,0.0899999999999999,0.0,0.0,0.0,0.0,0.0,0.245,0.1044897959183673,0.181,0.0,0.0,0.0,0.0,0.0,0.5046,0.2350376535869995,,0,TeRDy,ICEWS05-15
hybrid_margin,0.2308158256009604,0.6433523718494054,0.5484956452889944,0.7026920031670626,0.8196753760886778,0.6364425761281394,0.5409738717339667,0.694972288202692,0.8123515439429929,,,0.0909999999999999,0.0,0.0,0.0,0.0,0.0,0.2334,0.106255355612682,0.187,0.0,0.0,0.0,0.0,0.0,0.4954,0.2325393621316108,,0,TeRDy,ICEWS05-15
Probability calibration,0.2283668266203321,0.6433523718494054,0.5484956452889944,0.7026920031670626,0.8196753760886778,0.6364425761281394,0.5409738717339667,0.694972288202692,0.8123515439429929,0.1845549454901364,0.0349253149962619,0.0899999999999999,0.0,0.0,0.0,0.0,0.0,0.245,0.1044897959183673,0.181,0.0,0.0,0.0,0.0,0.0,0.5046,0.2350376535869995,,0,TeRDy,ICEWS05-15
Score calibration,0.228672991664706,0.6433523718494054,0.5484956452889944,0.7026920031670626,0.8196753760886778,0.6364425761281394,0.5409738717339667,0.694972288202692,0.8123515439429929,0.1853423654660447,0.0355271964799147,0.0909999999999999,0.0,0.0,0.0,0.0,0.0,0.2478,0.1129943502824858,0.185,0.0,0.0,0.0,0.0,0.0,0.5206,0.2408759124087591,,0,TeRDy,ICEWS05-15
Evidence calibration,0.2289974897789707,0.6433523718494054,0.5484956452889944,0.7026920031670626,0.8196753760886778,0.6364425761281394,0.5409738717339667,0.694972288202692,0.8123515439429929,0.1850850031936534,0.0341608422883274,0.0929999999999999,0.0,0.0,0.0,0.0,0.0,0.2598,0.1170130869899923,0.181,0.0,0.0,0.0,0.0,0.0,0.5148,0.2389277389277389,,0,TeRDy,ICEWS05-15
Certificate calibration,0.2301805261502656,0.6433523718494054,0.5484956452889944,0.7026920031670626,0.8196753760886778,0.6364425761281394,0.5409738717339667,0.694972288202692,0.8123515439429929,0.185112399823558,0.0309786209013491,0.0889999999999999,0.0,0.0,0.0,0.0,0.0,0.2516,0.1168521462639109,0.185,0.0,0.0,0.0,0.0,0.0,0.5116,0.2365129007036747,,0,TeRDy,ICEWS05-15
Ensemble calibration,0.2262982821784909,0.6433523718494054,0.5484956452889944,0.7026920031670626,0.8196753760886778,0.6364425761281394,0.5409738717339667,0.694972288202692,0.8123515439429929,0.18382009852392,0.0343535380478622,0.0879999999999999,0.0,0.0,0.0,0.0,0.0,0.258,0.1162790697674418,0.1825,0.0,0.0,0.0,0.0,0.0,0.5176,0.2345440494590417,,0,TeRDy,ICEWS05-15
ensemble_probability,0.2249526485229292,0.6433523718494054,0.5484956452889944,0.7026920031670626,0.8196753760886778,0.6364425761281394,0.5409738717339667,0.694972288202692,0.8123515439429929,0.1905842703724886,0.0943634471725705,0.0899999999999999,0.0,0.0,0.0,0.0,0.0,0.2528,0.1131329113924051,0.175,0.001,0.0001875,0.001,0.001,0.0005,0.5056,0.2246835443037974,,0,TeRDy,ICEWS05-15
Temperature scaling,0.2289961092906383,0.6433523718494054,0.5484956452889944,0.7026920031670626,0.8196753760886778,0.6364425761281394,0.5409738717339667,0.694972288202692,0.8123515439429929,0.1877948180828338,0.0545769136518599,0.0899999999999999,0.0,0.0,0.0,0.0,0.0,0.2474,0.1115602263540824,0.1875,0.0,0.0,0.0,0.0,0.0,0.5098,0.2357787367595135,,0,TeRDy,ICEWS05-15
Certified 1-window,,0.6433523718494054,0.5484956452889944,0.7026920031670626,0.8196753760886778,0.6364425761281394,0.5409738717339667,0.694972288202692,0.8123515439429929,,,0.0899999999999999,0.0,0.0,0.0,0.0,0.0,0.245,0.1044897959183673,0.181,0.0,0.0,0.0,0.0,0.0,0.5038,0.2350138944025407,0.9348,0,TeRDy,ICEWS05-15
Certified 2-window,,0.6433523718494054,0.5484956452889944,0.7026920031670626,0.8196753760886778,0.6364425761281394,0.5409738717339667,0.694972288202692,0.8123515439429929,,,0.0899999999999999,0.0,0.0,0.0,0.0,0.0,0.245,0.1044897959183673,0.181,0.0,0.0,0.0,0.0,0.0,0.5032,0.2341017488076311,0.9128,0,TeRDy,ICEWS05-15
max_probability,0.242031258912619,0.6287781904556431,0.5300870942201108,0.6874505146476643,0.814528899445764,0.6235271784136616,0.5243467933491687,0.6826999208234362,0.806215360253365,0.187594435651581,0.0613443683529036,0.1069999999999999,0.0,0.0,0.0,0.0,0.0,0.2616,0.1337920489296635,0.1945,0.0,0.0,0.0,0.0,0.0,0.5098,0.2499019223224794,,1,TeRDy,ICEWS05-15
candidate_probability,0.2420237904242388,0.6287781904556431,0.5300870942201108,0.6874505146476643,0.814528899445764,0.6235271784136616,0.5243467933491687,0.6826999208234362,0.806215360253365,0.1879756005943803,0.0638008718919325,0.1069999999999999,0.0,0.0,0.0,0.0,0.0,0.2616,0.1337920489296635,0.1945,0.0,0.0,0.0,0.0,0.0,0.5096,0.25,,1,TeRDy,ICEWS05-15
neural_margin,0.2466563850662516,0.6287781904556431,0.5300870942201108,0.6874505146476643,0.814528899445764,0.6235271784136616,0.5243467933491687,0.6826999208234362,0.806215360253365,,,0.1139999999999999,0.0,0.0,0.0,0.0,0.0,0.239,0.1330543933054393,0.1929999999999999,0.0,0.0,0.0,0.0,0.0,0.477,0.2377358490566037,,1,TeRDy,ICEWS05-15
negative_entropy,0.2530103058896013,0.6287781904556431,0.5300870942201108,0.6874505146476643,0.814528899445764,0.6235271784136616,0.5243467933491687,0.6826999208234362,0.806215360253365,,,0.126,0.001,0.0,0.001,0.001,0.001,0.3052,0.1644823066841415,0.2175,0.0045,0.000375,0.0045,0.005,0.0045,0.578,0.2916955017301038,,1,TeRDy,ICEWS05-15
hybrid_max,0.240817288616626,0.6287781904556431,0.5300870942201108,0.6874505146476643,0.814528899445764,0.6235271784136616,0.5243467933491687,0.6826999208234362,0.806215360253365,0.1868536211523432,0.0690190802384989,0.1109999999999999,0.0,0.0,0.0,0.0,0.0,0.2496,0.125801282051282,0.1895,0.0,0.0,0.0,0.0,0.0,0.4908,0.2359413202933985,,1,TeRDy,ICEWS05-15
hybrid_margin,0.2439030608906519,0.6287781904556431,0.5300870942201108,0.6874505146476643,0.814528899445764,0.6235271784136616,0.5243467933491687,0.6826999208234362,0.806215360253365,,,0.1089999999999999,0.0,0.0,0.0,0.0,0.0,0.2358,0.1323155216284987,0.1929999999999999,0.0,0.0,0.0,0.0,0.0,0.4716,0.2256149279050042,,1,TeRDy,ICEWS05-15
Probability calibration,0.240817288616626,0.6287781904556431,0.5300870942201108,0.6874505146476643,0.814528899445764,0.6235271784136616,0.5243467933491687,0.6826999208234362,0.806215360253365,0.1828387520500115,0.0281121140238146,0.1109999999999999,0.0,0.0,0.0,0.0,0.0,0.2496,0.125801282051282,0.1895,0.0,0.0,0.0,0.0,0.0,0.4908,0.2359413202933985,,1,TeRDy,ICEWS05-15
Score calibration,0.2406745895617787,0.6287781904556431,0.5300870942201108,0.6874505146476643,0.814528899445764,0.6235271784136616,0.5243467933491687,0.6826999208234362,0.806215360253365,0.1832800374450225,0.0322765390943727,0.1139999999999999,0.0,0.0,0.0,0.0,0.0,0.2576,0.1319875776397515,0.1885,0.0,0.0,0.0,0.0,0.0,0.5002,0.2403038784486205,,1,TeRDy,ICEWS05-15
Evidence calibration,0.2415890833178994,0.6287781904556431,0.5300870942201108,0.6874505146476643,0.814528899445764,0.6235271784136616,0.5243467933491687,0.6826999208234362,0.806215360253365,0.1830055180484974,0.0301506330600431,0.1129999999999999,0.0,0.0,0.0,0.0,0.0,0.2808,0.1381766381766381,0.1889999999999999,0.0,0.0,0.0,0.0,0.0,0.5124,0.2447306791569087,,1,TeRDy,ICEWS05-15
Certificate calibration,0.2428971364890103,0.6287781904556431,0.5300870942201108,0.6874505146476643,0.814528899445764,0.6235271784136616,0.5243467933491687,0.6826999208234362,0.806215360253365,0.1831888063351277,0.0287955328718529,0.1079999999999999,0.0,0.0,0.0,0.0,0.0,0.266,0.1330827067669172,0.1899999999999999,0.0,0.0,0.0,0.0,0.0,0.4954,0.2325393621316108,,1,TeRDy,ICEWS05-15
Ensemble calibration,0.2288945104758183,0.6287781904556431,0.5300870942201108,0.6874505146476643,0.814528899445764,0.6235271784136616,0.5243467933491687,0.6826999208234362,0.806215360253365,0.1725983194119548,0.0298505071349525,0.0919999999999999,0.0,0.0,0.0,0.0,0.0,0.259,0.1142857142857143,0.1714999999999999,0.0,0.0,0.0,0.0,0.0,0.4978,0.2189634391321816,,1,TeRDy,ICEWS05-15
ensemble_probability,0.2291105613779773,0.6287781904556431,0.5300870942201108,0.6874505146476643,0.814528899445764,0.6235271784136616,0.5243467933491687,0.6826999208234362,0.806215360253365,0.1789088269702649,0.0760320038044141,0.0899999999999999,0.0,0.0,0.0,0.0,0.0,0.2528,0.1131329113924051,0.176,0.0,0.0,0.0,0.0,0.0,0.5086,0.2261108926464805,,1,TeRDy,ICEWS05-15
Temperature scaling,0.2420272117569955,0.6287781904556431,0.5300870942201108,0.6874505146476643,0.814528899445764,0.6235271784136616,0.5243467933491687,0.6826999208234362,0.806215360253365,0.1860121718364628,0.0466710421349312,0.1089999999999999,0.0,0.0,0.0,0.0,0.0,0.2578,0.1318851823118696,0.1935,0.0,0.0,0.0,0.0,0.0,0.5038,0.2465263993648273,,1,TeRDy,ICEWS05-15
Certified 1-window,,0.6287781904556431,0.5300870942201108,0.6874505146476643,0.814528899445764,0.6235271784136616,0.5243467933491687,0.6826999208234362,0.806215360253365,,,0.1139999999999999,0.0,0.0,0.0,0.0,0.0,0.2576,0.1319875776397515,0.1885,0.0,0.0,0.0,0.0,0.0,0.5002,0.2403038784486205,0.9336,1,TeRDy,ICEWS05-15
Certified 2-window,,0.6287781904556431,0.5300870942201108,0.6874505146476643,0.814528899445764,0.6235271784136616,0.5243467933491687,0.6826999208234362,0.806215360253365,,,0.1139999999999999,0.0,0.0,0.0,0.0,0.0,0.2576,0.1319875776397515,0.1885,0.0,0.0,0.0,0.0,0.0,0.5002,0.2403038784486205,0.9108,1,TeRDy,ICEWS05-15
max_probability,0.2423237630713344,0.6264146267008293,0.5247426761678543,0.6898258115597783,0.8149247822644498,0.6255189348462896,0.5259303246239113,0.6912114014251781,0.8105700712589073,0.1826616652142706,0.0515914432577046,0.1039999999999999,0.0,0.0,0.0,0.0,0.0,0.2652,0.1274509803921568,0.1899999999999999,0.0015,0.000375,0.0015,0.002,0.002,0.513,0.2506822612085769,,2,TeRDy,ICEWS05-15
candidate_probability,0.2408496736508585,0.6264146267008293,0.5247426761678543,0.6898258115597783,0.8149247822644498,0.6255189348462896,0.5259303246239113,0.6912114014251781,0.8105700712589073,0.1831248504539887,0.0711034124106279,0.1039999999999999,0.0,0.0,0.0,0.0,0.0,0.2652,0.1274509803921568,0.1899999999999999,0.0015,0.000375,0.0015,0.002,0.002,0.5172,0.2509667440061871,,2,TeRDy,ICEWS05-15
neural_margin,0.2467522941245981,0.6264146267008293,0.5247426761678543,0.6898258115597783,0.8149247822644498,0.6255189348462896,0.5259303246239113,0.6912114014251781,0.8105700712589073,,,0.1069999999999999,0.0,0.0,0.0,0.0,0.0,0.2536,0.1253943217665615,0.1965,0.0,0.0,0.0,0.0,0.0,0.4776,0.2349246231155779,,2,TeRDy,ICEWS05-15
negative_entropy,0.2537713248590019,0.6264146267008293,0.5247426761678543,0.6898258115597783,0.8149247822644498,0.6255189348462896,0.5259303246239113,0.6912114014251781,0.8105700712589073,,,0.1069999999999999,0.003,0.00075,0.003,0.004,0.003,0.2976,0.1518817204301075,0.2135,0.021,0.0041875,0.02,0.023,0.018,0.5826,0.2990044627531754,,2,TeRDy,ICEWS05-15
hybrid_max,0.2455807220228314,0.6264146267008293,0.5247426761678543,0.6898258115597783,0.8149247822644498,0.6255189348462896,0.5259303246239113,0.6912114014251781,0.8105700712589073,0.1863784648575881,0.0610875957607917,0.1029999999999999,0.0,0.0,0.0,0.0,0.0,0.2356,0.1230899830220713,0.1895,0.004,0.0014375,0.004,0.004,0.004,0.4756,0.2325483599663582,,2,TeRDy,ICEWS05-15
hybrid_margin,0.2528774611089469,0.6264146267008293,0.5247426761678543,0.6898258115597783,0.8149247822644498,0.6255189348462896,0.5259303246239113,0.6912114014251781,0.8105700712589073,,,0.1099999999999999,0.0,0.0,0.0,0.0,0.0,0.2306,0.1222896790980052,0.2009999999999999,0.006,0.0015625,0.006,0.006,0.006,0.4632,0.2314335060449049,,2,TeRDy,ICEWS05-15
Probability calibration,0.2455807220228314,0.6264146267008293,0.5247426761678543,0.6898258115597783,0.8149247822644498,0.6255189348462896,0.5259303246239113,0.6912114014251781,0.8105700712589073,0.1815465591087541,0.0222366742591004,0.1029999999999999,0.0,0.0,0.0,0.0,0.0,0.2356,0.1230899830220713,0.1895,0.004,0.0014375,0.004,0.004,0.004,0.4756,0.2325483599663582,,2,TeRDy,ICEWS05-15
Score calibration,0.2404956503734452,0.6264146267008293,0.5247426761678543,0.6898258115597783,0.8149247822644498,0.6255189348462896,0.5259303246239113,0.6912114014251781,0.8105700712589073,0.1781199477450444,0.0290414635100839,0.0979999999999999,0.0,0.0,0.0,0.0,0.0,0.2506,0.1181165203511572,0.1915,0.001,0.000125,0.001,0.001,0.001,0.5038,0.2409686383485509,,2,TeRDy,ICEWS05-15
Evidence calibration,0.240778869108478,0.6264146267008293,0.5247426761678543,0.6898258115597783,0.8149247822644498,0.6255189348462896,0.5259303246239113,0.6912114014251781,0.8105700712589073,0.1784191765512822,0.0275104918331285,0.0969999999999999,0.0,0.0,0.0,0.0,0.0,0.2688,0.1294642857142857,0.1925,0.001,0.000125,0.001,0.001,0.001,0.5118,0.2454083626416568,,2,TeRDy,ICEWS05-15
Certificate calibration,0.2410928206194648,0.6264146267008293,0.5247426761678543,0.6898258115597783,0.8149247822644498,0.6255189348462896,0.5259303246239113,0.6912114014251781,0.8105700712589073,0.1783465474036115,0.0261207856370298,0.0969999999999999,0.0,0.0,0.0,0.0,0.0,0.268,0.1313432835820895,0.1925,0.0005,0.0,0.0005,0.0005,0.0005,0.5188,0.2486507324595219,,2,TeRDy,ICEWS05-15
Ensemble calibration,0.2301967913815499,0.6264146267008293,0.5247426761678543,0.6898258115597783,0.8149247822644498,0.6255189348462896,0.5259303246239113,0.6912114014251781,0.8105700712589073,0.169289287777927,0.0256883075282087,0.0909999999999999,0.0,0.0,0.0,0.0,0.0,0.2642,0.1211203633610901,0.1735,0.0045,0.0009375,0.004,0.0045,0.0045,0.509,0.2255402750491159,,2,TeRDy,ICEWS05-15
ensemble_probability,0.2297358109179055,0.6264146267008293,0.5247426761678543,0.6898258115597783,0.8149247822644498,0.6255189348462896,0.5259303246239113,0.6912114014251781,0.8105700712589073,0.1765717140136117,0.084930817398051,0.0899999999999999,0.0,0.0,0.0,0.0,0.0,0.2528,0.1131329113924051,0.173,0.0045,0.0005625,0.0035,0.004,0.004,0.5102,0.2254018032144257,,2,TeRDy,ICEWS05-15
Temperature scaling,0.2408804038677054,0.6264146267008293,0.5247426761678543,0.6898258115597783,0.8149247822644498,0.6255189348462896,0.5259303246239113,0.6912114014251781,0.8105700712589073,0.1814287216483906,0.0589672140157701,0.1009999999999999,0.0,0.0,0.0,0.0,0.0,0.261,0.1272030651340996,0.1899999999999999,0.0015,0.000375,0.0015,0.0015,0.002,0.503,0.2465208747514911,,2,TeRDy,ICEWS05-15
Certified 1-window,,0.6264146267008293,0.5247426761678543,0.6898258115597783,0.8149247822644498,0.6255189348462896,0.5259303246239113,0.6912114014251781,0.8105700712589073,,,0.0979999999999999,0.0,0.0,0.0,0.0,0.0,0.2506,0.1181165203511572,0.1909999999999999,0.0,0.0,0.0,0.0,0.0,0.4986,0.2386682711592459,0.8092,2,TeRDy,ICEWS05-15
Certified 2-window,,0.6264146267008293,0.5247426761678543,0.6898258115597783,0.8149247822644498,0.6255189348462896,0.5259303246239113,0.6912114014251781,0.8105700712589073,,,0.0979999999999999,0.0,0.0,0.0,0.0,0.0,0.2506,0.1181165203511572,0.1909999999999999,0.0,0.0,0.0,0.0,0.0,0.4952,0.2370759289176091,0.759,2,TeRDy,ICEWS05-15
max_probability,0.1922261951113012,0.662828826823945,0.5817678465493376,0.7118845165117659,0.8147122800079099,0.6641440822679916,0.5811746094522444,0.717025904686573,0.8176784654933755,0.227668240737063,0.2181867947052937,0.0689999999999999,0.0,0.0,0.0,0.0,0.0,0.095,0.0357894736842104,0.142,0.0,0.0,0.0,0.0,0.0,0.3236,0.1106304079110012,,0,TeRDy,ICEWS14
candidate_probability,0.1922403874167988,0.662828826823945,0.5817678465493376,0.7118845165117659,0.8147122800079099,0.6641440822679916,0.5811746094522444,0.717025904686573,0.8176784654933755,0.2276352974147615,0.2178418312316083,0.0689999999999999,0.0,0.0,0.0,0.0,0.0,0.095,0.0357894736842104,0.142,0.0,0.0,0.0,0.0,0.0,0.3236,0.1106304079110012,,0,TeRDy,ICEWS14
neural_margin,0.195937891584956,0.662828826823945,0.5817678465493376,0.7118845165117659,0.8147122800079099,0.6641440822679916,0.5811746094522444,0.717025904686573,0.8176784654933755,,,0.0709999999999999,0.0,0.0,0.0,0.0,0.0,0.0948,0.0358649789029535,0.1424999999999999,0.0,0.0,0.0,0.0,0.0,0.3218,0.1143567433188316,,0,TeRDy,ICEWS14
negative_entropy,0.1883959681377815,0.662828826823945,0.5817678465493376,0.7118845165117659,0.8147122800079099,0.6641440822679916,0.5811746094522444,0.717025904686573,0.8176784654933755,,,0.0689999999999999,0.0,0.0,0.0,0.0,0.0,0.0978,0.034764826175869,0.138,0.0,0.0,0.0,0.0,0.0,0.3286,0.1125989044430919,,0,TeRDy,ICEWS14
hybrid_max,0.2116379325429624,0.662828826823945,0.5817678465493376,0.7118845165117659,0.8147122800079099,0.6641440822679916,0.5811746094522444,0.717025904686573,0.8176784654933755,0.2164127873387781,0.1859324677655341,0.127,0.0,0.0,0.0,0.0,0.0,0.0878,0.0592255125284738,0.178,0.0,0.0,0.0,0.0,0.0,0.2594,0.1518889745566692,,0,TeRDy,ICEWS14
hybrid_margin,0.2151346697351469,0.662828826823945,0.5817678465493376,0.7118845165117659,0.8147122800079099,0.6641440822679916,0.5811746094522444,0.717025904686573,0.8176784654933755,,,0.123,0.0,0.0,0.0,0.0,0.0,0.0874,0.0594965675057208,0.1815,0.0,0.0,0.0,0.0,0.0,0.2776,0.1671469740634006,,0,TeRDy,ICEWS14
Probability calibration,0.2116379325429624,0.662828826823945,0.5817678465493376,0.7118845165117659,0.8147122800079099,0.6641440822679916,0.5811746094522444,0.717025904686573,0.8176784654933755,0.1810919121717571,0.0370594800090901,0.127,0.0,0.0,0.0,0.0,0.0,0.0878,0.0592255125284738,0.178,0.0,0.0,0.0,0.0,0.0,0.2594,0.1518889745566692,,0,TeRDy,ICEWS14
Score calibration,0.1906114351350319,0.662828826823945,0.5817678465493376,0.7118845165117659,0.8147122800079099,0.6641440822679916,0.5811746094522444,0.717025904686573,0.8176784654933755,0.1702237581865863,0.0535876051023036,0.062,0.0,0.0,0.0,0.0,0.0,0.1188,0.042087542087542,0.137,0.0,0.0,0.0,0.0,0.0,0.3342,0.1125074805505684,,0,TeRDy,ICEWS14
Evidence calibration,0.2036356793098037,0.662828826823945,0.5817678465493376,0.7118845165117659,0.8147122800079099,0.6641440822679916,0.5811746094522444,0.717025904686573,0.8176784654933755,0.1694774622597745,0.0374873605489037,0.1159999999999999,0.0,0.0,0.0,0.0,0.0,0.2852,0.1318373071528752,0.1374999999999999,0.0,0.0,0.0,0.0,0.0,0.3938,0.1345860843067546,,0,TeRDy,ICEWS14
Certificate calibration,0.2056207232482499,0.662828826823945,0.5817678465493376,0.7118845165117659,0.8147122800079099,0.6641440822679916,0.5811746094522444,0.717025904686573,0.8176784654933755,0.1694076564209256,0.0377184777711124,0.13,0.0,0.0,0.0,0.0,0.0,0.2966,0.1321645313553607,0.135,0.0,0.0,0.0,0.0,0.0,0.401,0.1346633416458853,,0,TeRDy,ICEWS14
Ensemble calibration,0.1837901105872006,0.662828826823945,0.5817678465493376,0.7118845165117659,0.8147122800079099,0.6641440822679916,0.5811746094522444,0.717025904686573,0.8176784654933755,0.161738276468538,0.0261752437132513,0.0769999999999999,0.0,0.0,0.0,0.0,0.0,0.123,0.0422764227642276,0.1274999999999999,0.0,0.0,0.0,0.0,0.0,0.3784,0.1215644820295983,,0,TeRDy,ICEWS14
ensemble_probability,0.1838488892711402,0.662828826823945,0.5817678465493376,0.7118845165117659,0.8147122800079099,0.6641440822679916,0.5811746094522444,0.717025904686573,0.8176784654933755,0.1622580735015731,0.0229054833242434,0.0719999999999999,0.0,0.0,0.0,0.0,0.0,0.1172,0.0409556313993174,0.1284999999999999,0.0,0.0,0.0,0.0,0.0,0.375,0.1216,,0,TeRDy,ICEWS14
Temperature scaling,0.1844608822704087,0.662828826823945,0.5817678465493376,0.7118845165117659,0.8147122800079099,0.6641440822679916,0.5811746094522444,0.717025904686573,0.8176784654933755,0.1636959054052342,0.0343107039932424,0.0649999999999999,0.0,0.0,0.0,0.0,0.0,0.1082,0.0369685767097967,0.1264999999999999,0.0,0.0,0.0,0.0,0.0,0.372,0.1193548387096774,,0,TeRDy,ICEWS14
Certified 1-window,,0.662828826823945,0.5817678465493376,0.7118845165117659,0.8147122800079099,0.6641440822679916,0.5811746094522444,0.717025904686573,0.8176784654933755,,,0.127,0.0,0.0,0.0,0.0,0.0,0.0878,0.0592255125284738,0.178,0.0,0.0,0.0,0.0,0.0,0.2594,0.1518889745566692,0.9916,0,TeRDy,ICEWS14
Certified 2-window,,0.662828826823945,0.5817678465493376,0.7118845165117659,0.8147122800079099,0.6641440822679916,0.5811746094522444,0.717025904686573,0.8176784654933755,,,0.127,0.0,0.0,0.0,0.0,0.0,0.0878,0.0592255125284738,0.178,0.0,0.0,0.0,0.0,0.0,0.2594,0.1518889745566692,0.9892,0,TeRDy,ICEWS14
max_probability,0.1878788477430701,0.6608897916257145,0.5791971524619339,0.712477753608859,0.8123393316195373,0.6624977317337172,0.5797903895590271,0.7156416847933558,0.8129325687166304,0.1700174299563957,0.0721181312073451,0.0719999999999999,0.0,0.0,0.0,0.0,0.0,0.121,0.0462809917355372,0.129,0.0,0.0,0.0,0.0,0.0,0.393,0.1272264631043257,,1,TeRDy,ICEWS14
candidate_probability,0.1877310649403301,0.6608897916257145,0.5791971524619339,0.712477753608859,0.8123393316195373,0.6624977317337172,0.5797903895590271,0.7156416847933558,0.8129325687166304,0.1699628549272224,0.0734415848129902,0.0719999999999999,0.0,0.0,0.0,0.0,0.0,0.121,0.0462809917355372,0.129,0.0,0.0,0.0,0.0,0.0,0.393,0.1272264631043257,,1,TeRDy,ICEWS14
neural_margin,0.1897230362739444,0.6608897916257145,0.5791971524619339,0.712477753608859,0.8123393316195373,0.6624977317337172,0.5797903895590271,0.7156416847933558,0.8129325687166304,,,0.0689999999999999,0.0,0.0,0.0,0.0,0.0,0.119,0.042016806722689,0.1324999999999999,0.0,0.0,0.0,0.0,0.0,0.3826,0.12807109252483,,1,TeRDy,ICEWS14
negative_entropy,0.1988684645230497,0.6608897916257145,0.5791971524619339,0.712477753608859,0.8123393316195373,0.6624977317337172,0.5797903895590271,0.7156416847933558,0.8129325687166304,,,0.0849999999999999,0.0,0.0,0.0,0.0,0.0,0.1474,0.073270013568521,0.1494999999999999,0.0015,0.000625,0.002,0.002,0.0025,0.4924,0.1815597075548334,,1,TeRDy,ICEWS14
hybrid_max,0.1898526043962724,0.6608897916257145,0.5791971524619339,0.712477753608859,0.8123393316195373,0.6624977317337172,0.5797903895590271,0.7156416847933558,0.8129325687166304,0.1728870234935838,0.0837183014445445,0.0779999999999999,0.0,0.0,0.0,0.0,0.0,0.1226,0.0570962479608483,0.1364999999999999,0.0,0.0,0.0,0.0,0.0,0.3802,0.1283534981588637,,1,TeRDy,ICEWS14
hybrid_margin,0.1917902529780358,0.6608897916257145,0.5791971524619339,0.712477753608859,0.8123393316195373,0.6624977317337172,0.5797903895590271,0.7156416847933558,0.8129325687166304,,,0.0779999999999999,0.0,0.0,0.0,0.0,0.0,0.1184,0.054054054054054,0.1354999999999999,0.0,0.0,0.0,0.0,0.0,0.3746,0.1286705819540843,,1,TeRDy,ICEWS14
Probability calibration,0.1898526043962724,0.6608897916257145,0.5791971524619339,0.712477753608859,0.8123393316195373,0.6624977317337172,0.5797903895590271,0.7156416847933558,0.8129325687166304,0.1644978777548562,0.0199623742058765,0.0779999999999999,0.0,0.0,0.0,0.0,0.0,0.1226,0.0570962479608483,0.1364999999999999,0.0,0.0,0.0,0.0,0.0,0.3802,0.1283534981588637,,1,TeRDy,ICEWS14
Score calibration,0.1878326231010813,0.6608897916257145,0.5791971524619339,0.712477753608859,0.8123393316195373,0.6624977317337172,0.5797903895590271,0.7156416847933558,0.8129325687166304,0.1638317077540518,0.0262492360636577,0.0759999999999999,0.0,0.0,0.0,0.0,0.0,0.1246,0.0481540930979133,0.1284999999999999,0.0,0.0,0.0,0.0,0.0,0.379,0.1240105540897097,,1,TeRDy,ICEWS14
Evidence calibration,0.1880023781388731,0.6608897916257145,0.5791971524619339,0.712477753608859,0.8123393316195373,0.6624977317337172,0.5797903895590271,0.7156416847933558,0.8129325687166304,0.1635031198812778,0.0183436772097374,0.0719999999999999,0.0,0.0,0.0,0.0,0.0,0.125,0.048,0.129,0.0,0.0,0.0,0.0,0.0,0.3982,0.1285786037167252,,1,TeRDy,ICEWS14
Certificate calibration,0.1879951155175489,0.6608897916257145,0.5791971524619339,0.712477753608859,0.8123393316195373,0.6624977317337172,0.5797903895590271,0.7156416847933558,0.8129325687166304,0.1634507565113668,0.01388248358875,0.0719999999999999,0.0,0.0,0.0,0.0,0.0,0.13,0.0492307692307691,0.129,0.0,0.0,0.0,0.0,0.0,0.3978,0.1287078934137757,,1,TeRDy,ICEWS14
Ensemble calibration,0.1845377834930034,0.6608897916257145,0.5791971524619339,0.712477753608859,0.8123393316195373,0.6624977317337172,0.5797903895590271,0.7156416847933558,0.8129325687166304,0.1595170256026182,0.0215348170212666,0.0749999999999999,0.0,0.0,0.0,0.0,0.0,0.1222,0.0425531914893616,0.131,0.0,0.0,0.0,0.0,0.0,0.3776,0.121822033898305,,1,TeRDy,ICEWS14
ensemble_probability,0.1841919239030577,0.6608897916257145,0.5791971524619339,0.712477753608859,0.8123393316195373,0.6624977317337172,0.5797903895590271,0.7156416847933558,0.8129325687166304,0.1597622452199602,0.0157274271102732,0.0719999999999999,0.0,0.0,0.0,0.0,0.0,0.1172,0.0409556313993174,0.1284999999999999,0.0,0.0,0.0,0.0,0.0,0.375,0.1216,,1,TeRDy,ICEWS14
Temperature scaling,0.1872365871458976,0.6608897916257145,0.5791971524619339,0.712477753608859,0.8123393316195373,0.6624977317337172,0.5797903895590271,0.7156416847933558,0.8129325687166304,0.1642373616690264,0.0353470269985578,0.0699999999999999,0.0,0.0,0.0,0.0,0.0,0.1138,0.0404217926186292,0.132,0.0,0.0,0.0,0.0,0.0,0.376,0.1228723404255319,,1,TeRDy,ICEWS14
Certified 1-window,,0.6608897916257145,0.5791971524619339,0.712477753608859,0.8123393316195373,0.6624977317337172,0.5797903895590271,0.7156416847933558,0.8129325687166304,,,0.0719999999999999,0.0,0.0,0.0,0.0,0.0,0.125,0.048,0.129,0.0,0.0,0.0,0.0,0.0,0.3982,0.1285786037167252,0.9556,1,TeRDy,ICEWS14
Certified 2-window,,0.6608897916257145,0.5791971524619339,0.712477753608859,0.8123393316195373,0.6624977317337172,0.5797903895590271,0.7156416847933558,0.8129325687166304,,,0.0719999999999999,0.0,0.0,0.0,0.0,0.0,0.125,0.048,0.129,0.0,0.0,0.0,0.0,0.0,0.3982,0.1285786037167252,0.9444,1,TeRDy,ICEWS14
max_probability,0.1894813808560356,0.6611623454309019,0.5766264583745303,0.7106980423175796,0.8143167886098477,0.6614262051263937,0.5768242040735614,0.712082262210797,0.8137235515127546,0.1707045035598427,0.0698755801645546,0.0749999999999999,0.0,0.0,0.0,0.0,0.0,0.121,0.0446280991735537,0.136,0.0,0.0,0.0,0.0,0.0,0.3696,0.1255411255411255,,2,TeRDy,ICEWS14
candidate_probability,0.1894389632283822,0.6611623454309019,0.5766264583745303,0.7106980423175796,0.8143167886098477,0.6614262051263937,0.5768242040735614,0.712082262210797,0.8137235515127546,0.1708113711194769,0.0712208976504645,0.0749999999999999,0.0,0.0,0.0,0.0,0.0,0.121,0.0446280991735537,0.136,0.0,0.0,0.0,0.0,0.0,0.3696,0.1255411255411255,,2,TeRDy,ICEWS14
neural_margin,0.1922859103934985,0.6611623454309019,0.5766264583745303,0.7106980423175796,0.8143167886098477,0.6614262051263937,0.5768242040735614,0.712082262210797,0.8137235515127546,,,0.0709999999999999,0.0,0.0,0.0,0.0,0.0,0.1122,0.0374331550802139,0.1364999999999999,0.0,0.0,0.0,0.0,0.0,0.3618,0.1243781094527363,,2,TeRDy,ICEWS14
negative_entropy,0.2005143829997645,0.6611623454309019,0.5766264583745303,0.7106980423175796,0.8143167886098477,0.6614262051263937,0.5768242040735614,0.712082262210797,0.8137235515127546,,,0.0899999999999999,0.001,0.00025,0.001,0.001,0.001,0.1414,0.0693069306930692,0.151,0.0045,0.0016875,0.0045,0.004,0.0035,0.4588,0.1734960767218831,,2,TeRDy,ICEWS14
hybrid_max,0.1917532506812789,0.6611623454309019,0.5766264583745303,0.7106980423175796,0.8143167886098477,0.6614262051263937,0.5768242040735614,0.712082262210797,0.8137235515127546,0.1737180430392246,0.0811881532250588,0.0809999999999999,0.0,0.0,0.0,0.0,0.0,0.1056,0.043560606060606,0.14,0.0,0.0,0.0,0.0,0.0,0.3528,0.1247165532879818,,2,TeRDy,ICEWS14
hybrid_margin,0.1945676927163598,0.6611623454309019,0.5766264583745303,0.7106980423175796,0.8143167886098477,0.6614262051263937,0.5768242040735614,0.712082262210797,0.8137235515127546,,,0.0799999999999999,0.0,0.0,0.0,0.0,0.0,0.1084,0.0461254612546125,0.1394999999999999,0.0,0.0,0.0,0.0,0.0,0.3646,0.1289083927591882,,2,TeRDy,ICEWS14
Probability calibration,0.1917532506812789,0.6611623454309019,0.5766264583745303,0.7106980423175796,0.8143167886098477,0.6614262051263937,0.5768242040735614,0.712082262210797,0.8137235515127546,0.1659486738690185,0.0216400019110278,0.0809999999999999,0.0,0.0,0.0,0.0,0.0,0.1056,0.043560606060606,0.14,0.0,0.0,0.0,0.0,0.0,0.3528,0.1247165532879818,,2,TeRDy,ICEWS14
Score calibration,0.1899282169455605,0.6611623454309019,0.5766264583745303,0.7106980423175796,0.8143167886098477,0.6614262051263937,0.5768242040735614,0.712082262210797,0.8137235515127546,0.1658021492138572,0.0262186380341508,0.0769999999999999,0.0,0.0,0.0,0.0,0.0,0.1154,0.0398613518197573,0.1354999999999999,0.0,0.0,0.0,0.0,0.0,0.3626,0.1252068394925537,,2,TeRDy,ICEWS14
Evidence calibration,0.1892533391790508,0.6611623454309019,0.5766264583745303,0.7106980423175796,0.8143167886098477,0.6614262051263937,0.5768242040735614,0.712082262210797,0.8137235515127546,0.1647163635604389,0.0188457209202823,0.0689999999999999,0.0,0.0,0.0,0.0,0.0,0.1216,0.0476973684210526,0.134,0.0,0.0,0.0,0.0,0.0,0.3758,0.1261309207025013,,2,TeRDy,ICEWS14
Certificate calibration,0.1918996631707887,0.6611623454309019,0.5766264583745303,0.7106980423175796,0.8143167886098477,0.6614262051263937,0.5768242040735614,0.712082262210797,0.8137235515127546,0.1650658384715687,0.0198092718180374,0.0709999999999999,0.0,0.0,0.0,0.0,0.0,0.1308,0.0535168195718654,0.133,0.0,0.0,0.0,0.0,0.0,0.3676,0.1256800870511425,,2,TeRDy,ICEWS14
Ensemble calibration,0.1862827960209722,0.6611623454309019,0.5766264583745303,0.7106980423175796,0.8143167886098477,0.6614262051263937,0.5768242040735614,0.712082262210797,0.8137235515127546,0.1603853195485108,0.0161131458617588,0.0719999999999999,0.0,0.0,0.0,0.0,0.0,0.1176,0.0408163265306122,0.1324999999999999,0.0,0.0,0.0,0.0,0.0,0.372,0.125268817204301,,2,TeRDy,ICEWS14
ensemble_probability,0.1848886834280756,0.6611623454309019,0.5766264583745303,0.7106980423175796,0.8143167886098477,0.6614262051263937,0.5768242040735614,0.712082262210797,0.8137235515127546,0.1593853319191422,0.0156187514984643,0.0719999999999999,0.0,0.0,0.0,0.0,0.0,0.1172,0.0409556313993174,0.1284999999999999,0.0,0.0,0.0,0.0,0.0,0.375,0.1216,,2,TeRDy,ICEWS14
Temperature scaling,0.1890682260967985,0.6611623454309019,0.5766264583745303,0.7106980423175796,0.8143167886098477,0.6614262051263937,0.5768242040735614,0.712082262210797,0.8137235515127546,0.1654114901408581,0.0308087867280099,0.0699999999999999,0.0,0.0,0.0,0.0,0.0,0.1082,0.0351201478743068,0.1364999999999999,0.0,0.0,0.0,0.0,0.0,0.3534,0.1177136389360498,,2,TeRDy,ICEWS14
Certified 1-window,,0.6611623454309019,0.5766264583745303,0.7106980423175796,0.8143167886098477,0.6614262051263937,0.5768242040735614,0.712082262210797,0.8137235515127546,,,0.0689999999999999,0.0,0.0,0.0,0.0,0.0,0.1216,0.0476973684210526,0.134,0.0,0.0,0.0,0.0,0.0,0.3758,0.1261309207025013,0.9554,2,TeRDy,ICEWS14
Certified 2-window,,0.6611623454309019,0.5766264583745303,0.7106980423175796,0.8143167886098477,0.6614262051263937,0.5768242040735614,0.712082262210797,0.8137235515127546,,,0.0689999999999999,0.0,0.0,0.0,0.0,0.0,0.1216,0.0476973684210526,0.134,0.0,0.0,0.0,0.0,0.0,0.3758,0.1261309207025013,0.944,2,TeRDy,ICEWS14
