dataset,batch,repeat,kind,max_abs_error,full_elapsed_ms,full_write_ms,full_refresh_ms,full_affected,full_refreshed,incremental_elapsed_ms,incremental_write_ms,incremental_refresh_ms,incremental_affected,incremental_refreshed
ICEWS14,1,0,delete,0.0,1388.1810000020778,0.0534999999217689,1388.127500002156,1,5000,0.4027999966638163,0.1568000006955117,0.2459999959683045,1,1
ICEWS14,1,0,restore,0.0,1332.7379999973346,0.0595999881625175,1332.678400009172,1,5000,0.2677999873412773,0.09479999425821,0.1729999930830672,1,1
ICEWS14,1,1,delete,0.0,1257.2268999938387,0.0042999890865758,1257.2226000047522,0,5000,0.0048999936552718,0.004000001354143,0.0008999923011288,0,0
ICEWS14,1,1,restore,0.0,1409.0197999903469,0.0060999882407486,1409.013700002106,0,5000,0.0064999912865459,0.0052999967010691,0.0011999945854768,0,0
ICEWS14,1,2,delete,0.0,1298.698800004786,0.0022000021999701,1298.696600002586,0,5000,0.0056999997468665,0.0044999906094744,0.001200009137392,0,0
ICEWS14,1,2,restore,0.0,1281.613400002243,0.0021000014385208,1281.6113000008045,0,5000,0.0051000097300857,0.0042000028770416,0.000900006853044,0,0
ICEWS14,1,3,delete,0.0,1387.7542999980506,0.1473000011174008,1387.6069999969332,1,5000,0.7181999972090125,0.1339999871561303,0.5842000100528821,1,1
ICEWS14,1,3,restore,0.0,1345.757600007346,0.1083000097423791,1345.6492999976035,1,5000,0.2957999968202784,0.0667999993311241,0.2289999974891543,1,1
ICEWS14,1,4,delete,0.0,1146.994700000505,0.0014000106602907,1146.993299989845,0,5000,0.0039000005926936,0.0029999937396496,0.000900006853044,0,0
ICEWS14,1,4,restore,0.0,1375.657600001432,0.0031000090530142,1375.654499992379,0,5000,0.0083999912021681,0.0066999928094446,0.0016999983927235,0,0
ICEWS14,1,5,delete,0.0,1332.8263000003062,0.0061000027926638,1332.8201999975136,0,5000,0.0059000012697651,0.0051999959396198,0.0007000053301453,0,0
ICEWS14,1,5,restore,0.0,1300.656599996728,0.0050999951781705,1300.6515000015495,0,5000,0.0063000043155625,0.0055999989854171,0.0007000053301453,0,0
ICEWS14,1,6,delete,0.0,1287.9920999985188,0.0024000037228688,1287.989699994796,0,5000,0.004900008207187,0.0042000028770416,0.0007000053301453,0,0
ICEWS14,1,6,restore,0.0,1247.2078999999212,0.0025999906938523,1247.2053000092274,0,5000,0.00739999813959,0.0054999982239678,0.0018999999156221,0,0
ICEWS14,1,7,delete,0.0,1261.784100002842,0.0050999951781705,1261.779000007664,0,5000,0.0050999951781705,0.0041999883251264,0.000900006853044,0,0
ICEWS14,1,7,restore,0.0,1268.5059000068577,0.0039000005926936,1268.502000006265,0,5000,0.0075999996624886,0.0064999912865459,0.0011000083759427,0,0
ICEWS14,1,8,delete,0.0,1368.6482000048272,0.0034000113373622,1368.64479999349,0,5000,0.006799993570894,0.0049999944167211,0.0017999991541728,0,0
ICEWS14,1,8,restore,0.0,1272.0379999955185,0.0029999937396496,1272.0350000017788,0,5000,0.0087999942479655,0.0072999973781406,0.0014999968698248,0,0
ICEWS14,1,9,delete,0.0,1335.521200002404,0.0052999967010691,1335.5159000057029,0,5000,0.0085999927250668,0.0068999943323433,0.0016999983927235,0,0
ICEWS14,1,9,restore,0.0,1259.0269000065746,0.0054999982239678,1259.0214000083506,0,5000,0.0058000005083158,0.0048000074457377,0.0009999930625781,0,0
ICEWS14,10,0,delete,0.0,1460.0881999940611,0.2493999927537515,1459.8388000013074,2,5000,1.2196000025141984,0.264899994363077,0.9547000081511214,2,2
ICEWS14,10,0,restore,0.0,1358.3742000046186,0.1960000081453472,1358.1781999964733,2,5000,0.7889999978942797,0.2193999971495941,0.5696000007446855,2,2
ICEWS14,10,1,delete,0.0,1312.8558000025805,0.5726999952457845,1312.2831000073347,12,5000,3.0690999992657453,0.5141000001458451,2.5549999991199,12,12
ICEWS14,10,1,restore,0.0,1244.7706000093604,1.1279000027570871,1243.6427000066033,12,5000,2.805899988743477,1.0069999989354983,1.7988999898079785,12,12
ICEWS14,10,2,delete,0.0,1435.947900012252,0.2720000047702342,1435.6759000074817,8,5000,4.236199994920753,0.3223999956389889,3.913799999281764,8,8
ICEWS14,10,2,restore,0.0,1228.3478000026662,0.3185000095982104,1228.029299993068,8,5000,6.973999988986179,0.7575999916298315,6.216399997356348,8,8
ICEWS14,10,3,delete,0.0,1341.4151000033598,0.3496999997878447,1341.065400003572,7,5000,1.630200000363402,0.36450001061894,1.265699989744462,7,7
ICEWS14,10,3,restore,0.0,1191.4259000041056,0.3594000008888542,1191.0665000032168,7,5000,2.1779999951832,0.447900005383417,1.7300999897997826,7,7
ICEWS14,10,4,delete,0.0,1418.6103000101866,0.3746000002138316,1418.2357000099728,10,5000,3.096699991147034,0.4284000024199486,2.6682999887270853,10,10
ICEWS14,10,4,restore,0.0,1352.4576000054367,0.873700002557598,1351.583900002879,10,5000,7.625700003700331,1.1176999978488311,6.5080000058515,10,10
ICEWS14,10,5,delete,0.0,1382.205599991721,0.7842999912099913,1381.421300000511,6,5000,1.1797000042861328,0.3100000030826777,0.869700001203455,6,6
ICEWS14,10,5,restore,0.0,1321.5332999970997,0.2670999965630471,1321.2662000005366,6,5000,1.1895000061485916,0.2990999928442761,0.8904000133043155,6,6
ICEWS14,10,6,delete,0.0,1352.6831999915885,3.057599999010563,1349.625599992578,32,5000,19.35930000036024,3.4048999950755388,15.954400005284697,32,32
ICEWS14,10,6,restore,0.0,1241.5480999916326,5.2235999901313335,1236.3245000015013,32,5000,8.25470000563655,1.8434999947203323,6.411200010916218,32,32
ICEWS14,10,7,delete,0.0,1345.1151000044774,0.570399992284365,1344.544700012193,7,5000,1.6486999957123771,0.3768000024138018,1.2718999932985753,7,7
ICEWS14,10,7,restore,0.0,1348.8745000067863,0.3675000043585896,1348.507000002428,7,5000,1.5063000028021634,0.338400001055561,1.1679000017466024,7,7
ICEWS14,10,8,delete,0.0,1210.7075999956578,0.1564999984111637,1210.5510999972466,3,5000,0.67710000439547,0.1773999974830076,0.4997000069124624,3,3
ICEWS14,10,8,restore,0.0,1212.1210000041174,0.4758000141009688,1211.6451999900164,3,5000,1.7701000033412129,0.6296999927144498,1.140400010626763,3,3
ICEWS14,10,9,delete,0.0,1432.3143999936292,1.5773999912198633,1430.737000002409,29,5000,20.04220000526402,2.7064000023528934,17.335800002911128,29,29
ICEWS14,10,9,restore,0.0,1451.678900004481,1.99419999262318,1449.6847000118578,29,5000,14.642299996921793,1.7162000003736466,12.926099996548146,29,29
ICEWS14,100,0,delete,0.0,1332.7021000004606,8.386799992877059,1324.3153000075836,137,5000,52.73799999849871,8.23340000351891,44.5045999949798,137,137
ICEWS14,100,0,restore,0.0,1387.7107000007527,14.774299997952768,1372.9364000028,137,5000,72.19849999819417,9.052699999301694,63.14579999889247,137,137
ICEWS14,100,1,delete,0.0,1428.9082000032067,7.032300010905601,1421.8758999923011,77,5000,31.073300007847138,5.378100002417341,25.6952000054298,77,77
ICEWS14,100,1,restore,0.0,1313.8136000052327,5.370700004277751,1308.442900000955,77,5000,31.146599998464808,4.846199997700751,26.300400000764057,77,77
ICEWS14,100,2,delete,0.0,1376.205699998536,5.645099998218939,1370.5606000003172,96,5000,47.42490001081024,9.60000000486616,37.82490000594407,96,96
ICEWS14,100,2,restore,0.0,1578.169300002628,8.106699999189004,1570.062600003439,96,5000,45.07659999944735,11.929600004805252,33.1469999946421,96,96
ICEWS14,100,3,delete,0.0,1402.0095000014408,9.0601000119932,1392.9493999894476,77,5000,25.88600000308361,4.353399999672547,21.532600003411066,77,77
ICEWS14,100,3,restore,0.0,1243.5714999883205,3.3564999903319404,1240.2149999979883,77,5000,28.185599992866628,3.3531999943079427,24.832399998558685,77,77
ICEWS14,100,4,delete,0.0,1433.9790000085486,10.34760000766255,1423.631400000886,135,5000,60.01059999107383,5.543899998883717,54.46669999219012,135,135
ICEWS14,100,4,restore,0.0,1336.3682000053814,14.435700009926222,1321.9324999954551,135,5000,79.55939999374095,15.810600001714192,63.74879999202676,135,135
ICEWS14,100,5,delete,0.0,1479.97720001149,6.892300007166341,1473.0849000043236,117,5000,57.38159999600612,6.814799999119714,50.5667999968864,117,117
ICEWS14,100,5,restore,0.0,1246.5078999957768,12.49429999734275,1234.013599998434,117,5000,47.889900000882335,11.12999999895692,36.759900001925416,117,117
ICEWS14,100,6,delete,0.0,1321.5977999934694,11.95640000514686,1309.6413999883223,146,5000,48.65749999589752,7.733200007351115,40.92429998854641,146,146
ICEWS14,100,6,restore,0.0,1396.285099996021,15.330900001572443,1380.9541999944486,146,5000,67.55180000618566,8.121000006212853,59.430799999972805,146,146
ICEWS14,100,7,delete,0.0,1230.539600001066,7.992800005013123,1222.5467999960529,102,5000,37.29199999361299,6.351899995934218,30.94009999767877,102,102
ICEWS14,100,7,restore,0.0,1502.1548999939114,8.767399995122105,1493.3874999987893,102,5000,38.31000000354834,6.457700001192279,31.85230000235606,102,102
ICEWS14,100,8,delete,0.0,1259.1774000029543,9.681000010459684,1249.4963999924948,124,5000,67.1112000127323,12.871300001279453,54.239900011452846,124,124
ICEWS14,100,8,restore,0.0,1170.0809000030858,7.95990000187885,1162.121000001207,124,5000,49.32720000215341,7.398500005365349,41.928699996788055,124,124
ICEWS14,100,9,delete,0.0,1513.687899991055,17.157299997052178,1496.5305999940028,148,5000,60.956800007261336,14.750000002095476,46.20680000516586,148,148
ICEWS14,100,9,restore,0.0,1475.3842000063742,20.13810000789817,1455.246099998476,148,5000,82.61549999588169,15.978800001903435,66.63669999397825,148,148
ICEWS14,1000,0,delete,0.0,1277.8486000024714,62.15189999784343,1215.696700004628,740,5000,317.9417000064859,76.54949999414384,241.39220001234207,740,740
ICEWS14,1000,0,restore,0.0,1442.4695000052452,101.92040000401904,1340.5491000012262,740,5000,330.4171000054339,65.15900000522379,265.2581000002101,740,740
ICEWS14,1000,1,delete,0.0,1363.0379999958675,74.1513999964809,1288.8865999993868,779,5000,308.44329998944886,72.34479999169707,236.0984999977518,779,779
ICEWS14,1000,1,restore,0.0,1353.3056000014767,117.2828999988269,1236.0227000026498,779,5000,368.4687000059057,114.67190000985283,253.79679999605287,779,779
ICEWS14,1000,2,delete,0.0,1360.6886999914425,56.574399990495294,1304.114300000947,700,5000,449.82350000645965,86.97140000003856,362.8521000064211,700,700
ICEWS14,1000,2,restore,0.0,1292.7110999880824,57.16859998938162,1235.5424999987008,700,5000,305.03020000469405,64.70709999848623,240.32310000620785,700,700
ICEWS14,1000,3,delete,0.0,1269.6315000066534,101.09920000832062,1168.5322999983327,820,5000,396.6518999950495,98.85869998834096,297.7932000067085,820,820
ICEWS14,1000,3,restore,0.0,1391.780200006906,82.17660000082105,1309.603600006085,820,5000,385.3307999961544,114.85040000115988,270.4803999949945,820,820
ICEWS14,1000,4,delete,0.0,1371.7127999989316,75.78999998804647,1295.922800010885,803,5000,328.86760000837967,68.19700000050943,260.67060000787023,803,803
ICEWS14,1000,4,restore,0.0,1398.8261999911629,84.71039999858476,1314.115799992578,803,5000,424.0087000071071,118.787200000952,305.2215000061551,803,803
ICEWS14,1000,5,delete,0.0,1334.1884999972535,92.38649999315383,1241.8020000040997,738,5000,313.6452000035206,58.82170000404585,254.82349999947476,738,738
ICEWS14,1000,5,restore,0.0,1401.9866000016918,74.00219999544788,1327.984400006244,738,5000,281.6391999949701,57.10809999436606,224.53110000060408,738,738
ICEWS14,1000,6,delete,0.0,1344.9275000020862,56.59799999557436,1288.3295000065118,704,5000,284.77539999585133,95.24719999171792,189.5282000041334,704,704
ICEWS14,1000,6,restore,0.0,1279.347500007134,72.61640000797343,1206.7310999991605,704,5000,331.7086999886669,75.77019999735057,255.93849999131635,704,704
ICEWS14,1000,7,delete,0.0,1189.242300009937,58.95410000812262,1130.2882000018144,731,5000,319.6572000015294,63.70199999946635,255.9552000020631,731,731
ICEWS14,1000,7,restore,0.0,1498.1942000013078,97.91260000201872,1400.281599999289,731,5000,253.5644999879878,64.54709998797625,189.01740000001155,731,731
ICEWS14,1000,8,delete,0.0,1414.9605999991763,101.47570000845008,1313.4848999907265,802,5000,372.7786000090418,102.92770000523888,269.85090000380296,802,802
ICEWS14,1000,8,restore,0.0,1478.7738000013633,106.22390000207815,1372.5498999992851,802,5000,352.4935000023106,98.13800000119954,254.35550000111107,802,802
ICEWS14,1000,9,delete,0.0,1590.5012000002898,91.53930000320544,1498.9618999970844,736,5000,329.46360000642017,58.37210000026971,271.09150000615045,736,736
ICEWS14,1000,9,restore,0.0,1775.8292999933474,100.15969999949448,1675.669599993853,736,5000,368.6063000059221,72.31570000294596,296.29060000297613,736,736
ICEWS05-15,1,0,delete,0.0,2691.816700011259,0.0030000082915648,2691.8137000029674,0,5000,0.0096000003395602,0.0065999920479953,0.0030000082915648,0,0
ICEWS05-15,1,0,restore,0.0,2834.089000010863,0.0017000129446387,2834.0872999979183,0,5000,0.0051999959396198,0.0042999890865758,0.000900006853044,0,0
ICEWS05-15,1,1,delete,0.0,3146.1570000101347,0.0037000136217102,3146.153299996513,0,5000,0.0043999898480251,0.003699999069795,0.0006999907782301,0,0
ICEWS05-15,1,1,restore,0.0,3154.714400006924,0.0028999929782003,3154.7115000139456,0,5000,0.004600005922839,0.0039000005926936,0.0007000053301453,0,0
ICEWS05-15,1,2,delete,0.0,2818.415499990806,0.0016999983927235,2818.4137999924133,0,5000,0.0032999960239976,0.0027000060072168,0.0005999900167807,0,0
ICEWS05-15,1,2,restore,0.0,2711.3381999952253,0.0015999976312741,2711.336599997594,0,5000,0.0048000074457377,0.0039000005926936,0.000900006853044,0,0
ICEWS05-15,1,3,delete,0.0,2708.631699992111,0.0042999890865758,2708.6274000030244,0,5000,0.0045999913709238,0.0037999998312443,0.0007999915396794,0,0
ICEWS05-15,1,3,restore,0.0,3052.5150000030408,0.0035000120988115,3052.511499990942,0,5000,0.0058000005083158,0.0048999936552718,0.000900006853044,0,0
ICEWS05-15,1,4,delete,0.0,2831.1422999977367,0.0020000006770715,2831.14029999706,0,5000,0.0044999906094744,0.0034999975468963,0.0009999930625781,0,0
ICEWS05-15,1,4,restore,0.0,2830.710900001577,0.0027999922167509,2830.7081000093604,0,5000,0.0064999912865459,0.0053999974625185,0.0010999938240274,0,0
ICEWS05-15,1,5,delete,0.0,2745.2704000024823,0.11629999789875,2745.154100004584,1,5000,0.7462000066880137,0.1775999990059062,0.5686000076821074,1,1
ICEWS05-15,1,5,restore,0.0,2867.2970999905374,0.149200001033023,2867.1478999895044,1,5000,0.3524000057950616,0.1037000038195401,0.2487000019755214,1,1
ICEWS05-15,1,6,delete,0.0,2632.113700004993,0.2317000034963712,2631.8820000014966,3,5000,1.2245999969309196,0.2403999969828874,0.9841999999480322,3,3
ICEWS05-15,1,6,restore,0.0,2891.820699995151,0.3882000019075349,2891.4324999932437,3,5000,1.8825000006472687,0.4375999997137114,1.4449000009335575,3,3
ICEWS05-15,1,7,delete,0.0,3248.351600006572,0.1762000028975308,3248.1754000036744,1,5000,0.875899990205653,0.0878999999258667,0.7879999902797863,1,1
ICEWS05-15,1,7,restore,0.0,3214.5946999953594,0.1829999964684248,3214.411699998891,1,5000,0.7043999939924106,0.1033999869832769,0.6010000070091337,1,1
ICEWS05-15,1,8,delete,0.0,2795.3195000009146,0.0016000121831893,2795.317899988732,0,5000,0.0052999967010691,0.0037999998312443,0.0014999968698248,0,0
ICEWS05-15,1,8,restore,0.0,2882.4108999979217,0.0014999968698248,2882.409400001052,0,5000,0.0060000020312145,0.0045000051613897,0.0014999968698248,0,0
ICEWS05-15,1,9,delete,0.0,2685.017299998435,0.1771999959601089,2684.840100002475,3,5000,1.4462999970419332,0.1761000021360814,1.2701999949058518,3,3
ICEWS05-15,1,9,restore,0.0,2592.658200010192,0.1588000013725832,2592.499400008819,3,5000,1.38159999914933,0.1674999948590994,1.2141000042902306,3,3
ICEWS05-15,10,0,delete,0.0,3195.627599998261,6.391799994162284,3189.2358000040986,18,5000,13.735699991229922,2.683099999558181,11.05259999167174,18,18
ICEWS05-15,10,0,restore,0.0,3467.00280001096,5.328100000042468,3461.674700010917,18,5000,25.11239999148529,3.460399995674379,21.65199999581091,18,18
ICEWS05-15,10,1,delete,0.0,3189.950800006045,2.50170000072103,3187.449100005324,11,5000,12.521199998445809,3.0445000011241063,9.476699997321704,11,11
ICEWS05-15,10,1,restore,0.0,3250.418600000557,2.6288999943062663,3247.789700006251,11,5000,13.122599993948825,2.4720999936107546,10.65050000033807,11,11
ICEWS05-15,10,2,delete,0.0,3042.462700002943,0.6614000012632459,3041.80130000168,5,5000,7.0214000006672,1.5402999997604638,5.481100000906736,5,5
ICEWS05-15,10,2,restore,0.0,2913.8957999966806,0.7507999980589375,2913.1449999986216,5,5000,3.359399997862056,0.6710000016028062,2.6883999962592497,5,5
ICEWS05-15,10,3,delete,0.0,2986.100699999952,0.7224000000860542,2985.3782999998657,7,5000,3.925599987269379,0.6403999868780375,3.2852000003913417,7,7
ICEWS05-15,10,3,restore,0.0,3224.985699998797,0.7624999998370185,3224.22319999896,7,5000,3.119100001640618,0.7161000103224069,2.402999991318211,7,7
ICEWS05-15,10,4,delete,0.0,2843.2613000040874,5.800800005090423,2837.460499998997,17,5000,42.86310001043603,6.542200004332699,36.32090000610333,17,17
ICEWS05-15,10,4,restore,0.0,2767.532599988044,7.244399996125139,2760.288199991919,17,5000,35.66740000678692,7.847200002288446,27.820200004498474,17,17
ICEWS05-15,10,5,delete,0.0,3040.692300011869,80.03360001021065,2960.658700001659,50,5000,488.93810001027305,86.07630000915378,402.86180000111926,50,50
ICEWS05-15,10,5,restore,0.0,3048.674200006644,70.62410000071395,2978.0501000059303,50,5000,478.70560000592377,69.36399999540299,409.3416000105208,50,50
ICEWS05-15,10,6,delete,0.0,2977.703600001405,72.37249999889173,2905.3311000025133,40,5000,419.4264999969164,51.55509999895003,367.8713999979664,40,40
ICEWS05-15,10,6,restore,0.0,2947.4297999986447,57.5436999934027,2889.886100005242,40,5000,408.5939999931725,65.35429999348707,343.2396999996854,40,40
ICEWS05-15,10,7,delete,0.0,2851.2045000097714,5.371799998101778,2845.8327000116697,36,5000,49.15720000280999,10.103099994012156,39.05410000879783,36,36
ICEWS05-15,10,7,restore,0.0,2682.2914000076707,8.769599997322075,2673.5218000103487,36,5000,46.09160000109114,7.988999990629964,38.10260001046117,36,36
ICEWS05-15,10,8,delete,0.0,2772.55179999338,3.226799992262386,2769.3250000011176,23,5000,20.11369999672752,5.100099995615892,15.013600001111628,23,23
ICEWS05-15,10,8,restore,0.0,2917.0595000032336,5.593200010480359,2911.466299992753,23,5000,16.38650000677444,2.820399997290224,13.566100009484217,23,23
ICEWS05-15,10,9,delete,0.0,3047.794199999771,14.873000007355586,3032.9211999924155,38,5000,50.1897999929497,13.98709999921266,36.20269999373704,38,38
ICEWS05-15,10,9,restore,0.0,2980.449700000463,9.337600000435486,2971.112100000028,38,5000,60.80219999421388,11.784200003603472,49.017999990610406,38,38
ICEWS05-15,100,0,delete,0.0,3195.392099994933,129.20440000016242,3066.187699994771,197,5000,717.7687000075821,130.3191000042716,587.4496000033105,197,197
ICEWS05-15,100,0,restore,0.0,3156.341699999757,130.99219999276102,3025.349500006996,197,5000,720.3748000029009,144.42010001221206,575.9546999906888,197,197
ICEWS05-15,100,1,delete,0.0,3175.899699999718,118.7377999885939,3057.161900011124,187,5000,617.4783000024036,106.02209999342448,511.4562000089791,187,187
ICEWS05-15,100,1,restore,0.0,3759.607800006052,114.15300000226124,3645.4548000037903,187,5000,724.8617000004742,152.5188999949023,572.3428000055719,187,187
ICEWS05-15,100,2,delete,0.0,3263.895900003263,131.23080000514165,3132.665099998121,131,5000,521.3787999964552,144.3931999965571,376.9855999998981,131,131
ICEWS05-15,100,2,restore,0.0,3071.4787999895634,117.7270999905886,2953.751699998975,131,5000,511.704100004863,110.43410000274888,401.2700000021141,131,131
ICEWS05-15,100,3,delete,0.0,3258.182100005797,133.22170000174083,3124.9604000040563,121,5000,594.0564000047743,101.35840000293685,492.6980000018375,121,121
ICEWS05-15,100,3,restore,0.0,3537.6612999971258,134.67339999624528,3402.9879000008805,121,5000,521.0844000102952,114.8626000067452,406.22180000355,121,121
ICEWS05-15,100,4,delete,0.0,3454.283099999884,124.46360000467394,3329.81949999521,118,5000,498.192699989886,97.10459999041632,401.0880999994697,118,118
ICEWS05-15,100,4,restore,0.0,3396.109699999215,125.84079999942333,3270.268899999792,118,5000,616.2019999901531,128.3415999932913,487.8603999968618,118,118
ICEWS05-15,100,5,delete,0.0,3336.850500010769,98.58240000903606,3238.268100001733,140,5000,576.4377000014065,106.27640000893734,470.16129999246914,140,140
ICEWS05-15,100,5,restore,0.0,3153.2796999963466,88.89250000356697,3064.38719999278,140,5000,609.7857999993721,97.58500001044013,512.200799988932,140,140
ICEWS05-15,100,6,delete,0.0,3195.7112999953097,127.25859999773093,3068.4526999975787,206,5000,733.3272999967448,134.72539999929722,598.6018999974476,206,206
ICEWS05-15,100,6,restore,0.0,3273.913099998026,147.63490000041202,3126.278199997614,206,5000,779.6470999892335,117.34689999138936,662.3001999978442,206,206
ICEWS05-15,100,7,delete,0.0,3186.4710000081686,124.79700001131278,3061.673999996856,185,5000,772.3621000041021,143.68029999604914,628.681800008053,185,185
ICEWS05-15,100,7,restore,0.0,3263.5562000068603,131.30310000269674,3132.253100004164,185,5000,700.4353000083938,142.85830000881106,557.5769999995828,185,185
ICEWS05-15,100,8,delete,0.0,3474.9472999974387,108.89220000535715,3366.055099992081,151,5000,650.3117999964161,107.00629999337252,543.3055000030436,151,151
ICEWS05-15,100,8,restore,0.0,3430.573599995114,110.6034999975236,3319.9700999975903,151,5000,607.5014000089141,100.65050001139753,506.8508999975165,151,151
ICEWS05-15,100,9,delete,0.0,3239.8453999921912,43.14169999270234,3196.703699999489,133,5000,174.91769998741802,33.15969998948276,141.75799999793526,133,133
ICEWS05-15,100,9,restore,0.0,2976.6629000077955,35.368100012419745,2941.294799995376,133,5000,195.6800000043586,42.24890000477899,153.4310999995796,133,133
ICEWS05-15,1000,0,delete,0.0,4113.430199999129,1119.6253999951296,2993.804800004,995,5000,2354.038200006471,1065.1338000025137,1288.9044000039576,995,995
ICEWS05-15,1000,0,restore,0.0,4105.047899996862,1113.8556999940192,2991.1922000028426,995,5000,2475.6815000000643,1199.678099990706,1276.0034000093583,995,995
ICEWS05-15,1000,1,delete,0.0,3852.0079999871086,993.8681999919936,2858.139799995115,971,5000,2460.3197000105865,1031.6505000082543,1428.6692000023322,971,971
ICEWS05-15,1000,1,restore,0.0,4063.77049999719,1040.6831000000238,3023.0873999971664,971,5000,2466.178900009254,1029.275900000357,1436.903000008897,971,971
ICEWS05-15,1000,2,delete,0.0,4120.473000002676,848.2253999973182,3272.247600005357,976,5000,2344.349200007855,910.281100004795,1434.06810000306,976,976
ICEWS05-15,1000,2,restore,0.0,3850.0191000057375,868.687800000771,2981.3313000049675,976,5000,2283.447299996624,871.667500003241,1411.7797999933828,976,976
ICEWS05-15,1000,3,delete,0.0,4097.196400005487,1162.8300000011222,2934.366400004365,1008,5000,2453.88549999916,1138.206599993282,1315.678900005878,1008,1008
ICEWS05-15,1000,3,restore,0.0,4219.572399990284,1215.7843000022694,3003.7880999880144,1008,5000,2669.621200009715,1252.929199996288,1416.6920000134269,1008,1008
ICEWS05-15,1000,4,delete,0.0,3762.9196000052616,888.5900000022957,2874.329600002966,971,5000,2199.1470999928424,855.4790999914985,1343.668000001344,971,971
ICEWS05-15,1000,4,restore,0.0,3809.269599994877,917.1583999996074,2892.11119999527,971,5000,2238.858500000788,955.303399998229,1283.555100002559,971,971
ICEWS05-15,1000,5,delete,0.0,4049.817399994936,1018.284699996002,3031.532699998934,946,5000,2458.461399990483,1135.034999999334,1323.426399991149,946,946
ICEWS05-15,1000,5,restore,0.0,4449.68720000179,1131.6324999934295,3318.0547000083607,946,5000,2691.871999995783,1240.4411000024993,1451.4308999932837,946,946
ICEWS05-15,1000,6,delete,0.0,4077.2059000009904,1067.3241000040434,3009.881799996947,934,5000,2361.477400001604,1127.9211999935796,1233.5562000080245,934,934
ICEWS05-15,1000,6,restore,0.0,4119.033299997682,1077.324799989583,3041.708500008099,934,5000,2434.119500001543,1088.9374999969732,1345.18200000457,934,934
ICEWS05-15,1000,7,delete,0.0,3686.879700006102,908.4200000070268,2778.4596999990754,977,5000,2213.237100004335,899.1128000052413,1314.1242999990936,977,977
ICEWS05-15,1000,7,restore,0.0,3741.04590000934,986.1852000030922,2754.8607000062475,977,5000,2379.8654999991413,1009.3946999986656,1370.4708000004755,977,977
ICEWS05-15,1000,8,delete,0.0,4010.6922999984818,1078.3776999887775,2932.314600009704,1021,5000,2574.8259000101825,1091.6302999976324,1483.19560001255,1021,1021
ICEWS05-15,1000,8,restore,0.0,3971.3041000068183,1038.7331999954768,2932.570900011342,1021,5000,2520.999300002586,1149.5107999944594,1371.4885000081267,1021,1021
ICEWS05-15,1000,9,delete,0.0,3875.378500000807,875.8506000012858,2999.5278999995207,964,5000,2215.7420000003185,951.963400002569,1263.7785999977496,964,964
ICEWS05-15,1000,9,restore,0.0,3862.166999999317,871.5965000010328,2990.5704999982845,964,5000,2102.2137999971164,893.6034999933327,1208.6103000037838,964,964
GDELT,1,0,delete,0.0,1977.7958000049691,0.2759000053629279,1977.5198999996064,1,5000,1.9984999962616712,0.4172999906586483,1.5812000056030229,1,1
GDELT,1,0,restore,0.0,2055.955699994229,0.2783999952953309,2055.677299998933,1,5000,1.592600005096756,0.3118000022368505,1.2808000028599054,1,1
GDELT,1,1,delete,0.0,1977.50530000485,0.1228000037372112,1977.382500001113,1,5000,0.2583999885246157,0.0680999946780502,0.1902999938465654,1,1
GDELT,1,1,restore,0.0,2102.656000002753,0.0757000088924542,2102.5802999938605,1,5000,0.2172999957110732,0.0631000002613291,0.1541999954497441,1,1
GDELT,1,2,delete,0.0,2028.8368000037733,0.0442000018665567,2028.792600001907,1,5000,0.2095999952871352,0.0593000004300847,0.1502999948570504,1,1
GDELT,1,2,restore,0.0,2065.4292999970494,0.0426999904448166,2065.386600006605,1,5000,0.2650999958859756,0.0981000048341229,0.1669999910518527,1,1
GDELT,1,3,delete,0.0,1991.9699000020048,0.0897000136319547,1991.8801999883729,1,5000,0.3412000078242272,0.0834999955259263,0.2577000122983008,1,1
GDELT,1,3,restore,0.0,2116.7036999977427,0.0820999994175508,2116.621599998325,1,5000,1.1347999970894307,0.2515999949537217,0.8832000021357089,1,1
GDELT,1,4,delete,0.0,2076.708200009307,0.1692000078037381,2076.539000001503,2,5000,1.3832999975420537,0.6747000006726012,0.7085999968694523,2,2
GDELT,1,4,restore,0.0,2403.463299997384,0.2946000022348016,2403.168699995149,2,5000,1.494800002546981,0.3327000013086945,1.1621000012382865,2,2
GDELT,1,5,delete,0.0,2149.837400007528,0.7396000000881031,2149.097800007439,3,5000,2.1929000067757443,0.3840999997919425,1.8088000069838015,3,3
GDELT,1,5,restore,0.0,2309.958900004858,0.3772000054595992,2309.5816999993986,3,5000,3.647000005003065,0.6916000129422173,2.955399992060848,3,3
GDELT,1,6,delete,0.0,1953.920800006017,0.0041000021155923,1953.9167000039013,0,5000,0.0071999966166913,0.0060000020312145,0.0011999945854768,0,0
GDELT,1,6,restore,0.0,2243.841000003158,0.0039000005926936,2243.8371000025654,0,5000,0.0111999979708343,0.0090999965323135,0.0021000014385208,0,0
GDELT,1,7,delete,0.0,2020.547299995087,0.1508999994257465,2020.396399995661,1,5000,0.4600999964168295,0.1310000079683959,0.3290999884484336,1,1
GDELT,1,7,restore,0.0,2150.0301999913063,0.1195999939227476,2149.9105999973835,1,5000,0.5103000003146008,0.1448000111849978,0.3654999891296029,1,1
GDELT,1,8,delete,0.0,1972.1517999860223,0.0040999875636771,1972.1476999984588,0,5000,0.0069999950937926,0.0058000005083158,0.0011999945854768,0,0
GDELT,1,8,restore,0.0,2078.83060000313,0.0022000021999701,2078.82840000093,0,5000,0.0066000065999105,0.005500012775883,0.0010999938240274,0,0
GDELT,1,9,delete,0.0,2107.8310999873797,0.7793999975547194,2107.051699989825,2,5000,1.6985999973258004,0.3289000014774501,1.3696999958483502,2,2
GDELT,1,9,restore,0.0,2021.0705999925267,0.306100002489984,2020.7644999900367,2,5000,2.861200002371333,0.4994000046281144,2.361799997743219,2,2
GDELT,10,0,delete,0.0,2156.8192999984603,0.4087999986950308,2156.4104999997653,3,5000,3.111700003501028,0.42300000495743,2.6886999985435978,3,3
GDELT,10,0,restore,0.0,2050.3606000129366,0.5692000122508034,2049.791400000686,3,5000,3.4137000038754195,0.7977999921422452,2.6159000117331743,3,3
GDELT,10,1,delete,0.0,2133.244900003774,2.0872000022791326,2131.157700001495,9,5000,8.909800002584234,2.318900005775504,6.59089999680873,9,9
GDELT,10,1,restore,0.0,2159.1484999953536,1.037099995301105,2158.1114000000525,9,5000,7.002300000749528,1.9511999998940155,5.051100000855513,9,9
GDELT,10,2,delete,0.0,2265.766800002893,1.122599991504103,2264.6442000113893,6,5000,5.891800014069304,0.8314000006066635,5.06040001346264,6,6
GDELT,10,2,restore,0.0,2233.2079999905545,0.9245999972335994,2232.283399993321,6,5000,6.286400006501935,0.8849000005284324,5.401500005973503,6,6
GDELT,10,3,delete,0.0,2295.889300003182,1.256100003956817,2294.6331999992253,9,5000,9.721800000988878,2.04610000946559,7.675699991523288,9,9
GDELT,10,3,restore,0.0,2223.054100002628,1.953800005139783,2221.100299997488,9,5000,4.785899989656173,0.949399996898137,3.836499992758036,9,9
GDELT,10,4,delete,0.0,2243.994999997085,0.5975999956717715,2243.397400001413,6,5000,3.4007000067504123,0.5508000031113625,2.84990000363905,6,6
GDELT,10,4,restore,0.0,2058.789899994736,0.4875999875366688,2058.302300007199,6,5000,4.8973999946611,1.148399998783134,3.7489999958779663,6,6
GDELT,10,5,delete,0.0,2131.578200001968,2.327900001546368,2129.2503000004217,9,5000,6.433699993067421,1.1771999998018146,5.256499993265607,9,9
GDELT,10,5,restore,0.0,2247.3219000094105,2.502900009858422,2244.818999999552,9,5000,4.781499999808148,0.9288000001106412,3.8526999996975055,9,9
GDELT,10,6,delete,0.0,2139.0403999976115,0.5341999931260943,2138.506200004485,4,5000,2.965000006952323,0.5214999982854351,2.443500008666888,4,4
GDELT,10,6,restore,0.0,2154.32809999038,1.0138999932678416,2153.314199997112,4,5000,5.203600012464449,1.005099999019876,4.198500013444573,4,4
GDELT,10,7,delete,0.0,2178.405799990287,0.7100999937392771,2177.695699996548,9,5000,5.612399996607564,0.778300003730692,4.834099992876872,9,9
GDELT,10,7,restore,0.0,1978.3970000135012,1.70460001390893,1976.6923999995925,9,5000,4.030900003272109,0.754000007873401,3.276899995398708,9,9
GDELT,10,8,delete,0.0,2152.2500999999465,0.3785000008065253,2151.87159999914,3,5000,2.01950001064688,0.5592000088654459,1.4603000017814338,3,3
GDELT,10,8,restore,0.0,2104.938600008609,0.3871000080835074,2104.5515000005253,3,5000,1.6860000032465905,0.4575000057229772,1.2284999975236133,3,3
GDELT,10,9,delete,0.0,2210.7335000036983,0.7941999938338995,2209.9393000098644,2,5000,2.496199987945147,0.4507999983616173,2.045399989583529,2,2
GDELT,10,9,restore,0.0,2331.418299989309,0.4599999956553802,2330.958299993654,2,5000,2.906299996539019,0.4186000005574897,2.4876999959815294,2,2
GDELT,100,0,delete,0.0,2205.61259999522,12.884399999165908,2192.728199996054,82,5000,71.15440000779927,12.253900000359865,58.900500007439405,82,82
GDELT,100,0,restore,0.0,2211.536899994826,15.955199996824376,2195.5816999980016,82,5000,73.942499991972,13.953299989225345,59.98920000274666,82,82
GDELT,100,1,delete,0.0,2199.8042999912286,17.89170000120066,2181.912599990028,88,5000,80.85359999677166,18.01280000654515,62.84079999022652,88,88
GDELT,100,1,restore,0.0,2249.783799998113,17.63760000176262,2232.1461999963503,88,5000,81.86989999376237,12.243899996974504,69.62599999678787,88,88
GDELT,100,2,delete,0.0,2282.302299994626,8.67689998995047,2273.625400004676,65,5000,47.97980000148527,11.077200004365295,36.90259999711998,65,65
GDELT,100,2,restore,0.0,2283.4462000028,8.014000006369315,2275.4321999964304,65,5000,41.05020000133664,8.188599997083656,32.86160000425298,65,65
GDELT,100,3,delete,0.0,2032.3376000014832,9.955899993656203,2022.381700007827,67,5000,48.51049999706447,7.497899990994483,41.01260000606999,67,67
GDELT,100,3,restore,0.0,2114.328099996783,14.835999987553803,2099.492100009229,67,5000,72.26970000192523,14.45610000519082,57.81359999673441,67,67
GDELT,100,4,delete,0.0,2202.2468999930425,12.122400003136136,2190.1244999899063,78,5000,56.47809999936726,11.319299999740906,45.15879999962635,78,78
GDELT,100,4,restore,0.0,2050.2927000052296,12.175700001535006,2038.1170000036943,78,5000,55.673900002148,13.68860001093708,41.98529999121092,78,78
GDELT,100,5,delete,0.0,2041.5293999976711,6.931199997779913,2034.5981999998912,63,5000,38.08709999429993,7.608999992953613,30.47810000134632,63,63
GDELT,100,5,restore,0.0,2078.194200003054,7.651199994143099,2070.543000008911,63,5000,51.39349999080878,10.40379999903962,40.98969999176916,63,63
GDELT,100,6,delete,0.0,2034.6292000031096,14.492900008917786,2020.136299994192,75,5000,63.37560000247322,14.495900002657436,48.87969999981578,75,75
GDELT,100,6,restore,0.0,2084.497599993483,11.325499988743104,2073.17210000474,75,5000,57.80640000011772,11.368299994501283,46.438100005616434,75,75
GDELT,100,7,delete,0.0,2126.864999998361,15.037299992400222,2111.8277000059607,80,5000,65.75149999116547,20.99009999074042,44.761400000425056,80,80
GDELT,100,7,restore,0.0,2011.9688999984648,11.1386000062339,2000.8302999922307,80,5000,67.6097999967169,12.802099998225458,54.80769999849144,80,80
GDELT,100,8,delete,0.0,2097.277900000336,18.335700005991384,2078.9421999943443,90,5000,70.4622999910498,14.638799999374896,55.82349999167491,90,90
GDELT,100,8,restore,0.0,2232.001800002763,10.762799996882675,2221.2390000058804,90,5000,78.83649998984765,13.05359999241773,65.78289999742992,90,90
GDELT,100,9,delete,0.0,2170.4477000021143,12.093199999071658,2158.354500003042,80,5000,93.89099999680184,17.927099994267337,75.9639000025345,80,80
GDELT,100,9,restore,0.0,2231.82660000748,16.94290000887122,2214.883699998609,80,5000,79.58989999315236,20.173900004010648,59.41599998914171,80,80
GDELT,1000,0,delete,0.0,2162.174700002652,105.67380000429694,2056.5008999983547,570,5000,535.1399000064703,86.19709999766201,448.94280000880826,570,570
GDELT,1000,0,restore,0.0,2197.563399997307,93.37040000536943,2104.192999991937,570,5000,466.3989999971818,113.45859999710228,352.94040000007953,570,570
GDELT,1000,1,delete,0.0,2147.885799990036,115.7791999867186,2032.106600003317,622,5000,520.2886000042781,124.08910000522155,396.19949999905657,622,622
GDELT,1000,1,restore,0.0,2088.79780001007,99.38600000168664,1989.411800008384,622,5000,495.26690000493545,114.66530000325292,380.6016000016825,622,622
GDELT,1000,2,delete,0.0,2084.253799999715,116.02860000857618,1968.2251999911389,609,5000,450.90860000345856,107.14830001234075,343.7602999911178,609,609
GDELT,1000,2,restore,0.0,2120.072199992137,105.1828000054229,2014.889399986714,609,5000,449.122999998508,106.43139999592675,342.69160000258125,609,609
GDELT,1000,3,delete,0.0,2268.333600004553,119.40910000703298,2148.92449999752,641,5000,483.598399994662,113.88950000400656,369.7088999906555,641,641
GDELT,1000,3,restore,0.0,2159.007500013104,111.04830000840592,2047.9592000046975,641,5000,503.7355999957072,90.5882999941241,413.1473000015831,641,641
GDELT,1000,4,delete,0.0,2174.898099998245,121.03160000697244,2053.8664999912726,653,5000,503.66159999975935,102.99279999162536,400.668800008134,653,653
GDELT,1000,4,restore,0.0,2328.798699993058,122.29249998927116,2206.506200003787,653,5000,615.5233000026783,136.327700005495,479.1955999971833,653,653
GDELT,1000,5,delete,0.0,2057.278399995994,101.34900000412016,1955.9293999918737,627,5000,498.8237999932608,114.93499999050982,383.8888000027509,627,627
GDELT,1000,5,restore,0.0,2256.7075999977533,124.7373000078369,2131.9702999899164,627,5000,526.4784000028158,111.347800004296,415.13059999851976,627,627
GDELT,1000,6,delete,0.0,2157.6744000049075,110.43900001095608,2047.2353999939517,636,5000,522.1823000028962,132.9554999974789,389.2268000054173,636,636
GDELT,1000,6,restore,0.0,2141.522399993846,126.09119999979156,2015.4311999940544,636,5000,501.74940000579227,111.28100000496488,390.4684000008274,636,636
GDELT,1000,7,delete,0.0,2217.597200011369,116.35170000954533,2101.2455000018235,639,5000,505.3724000026705,94.91529999650083,410.4571000061696,639,639
GDELT,1000,7,restore,0.0,2269.185999990441,128.91109999327455,2140.2748999971664,639,5000,527.6193999889074,127.05869998899288,400.5606999999145,639,639
GDELT,1000,8,delete,0.0,2177.334800013341,125.4320000007283,2051.9028000126127,671,5000,541.2357000022894,129.32249999721537,411.913200005074,671,671
GDELT,1000,8,restore,0.0,2250.478700007079,150.80550000129733,2099.673200005782,671,5000,539.9902999924961,114.24389999592675,425.7463999965694,671,671
GDELT,1000,9,delete,0.0,2037.1843000029912,99.87760000512937,1937.3066999978616,609,5000,469.4202999962727,100.5412999948021,368.87900000147056,609,609
GDELT,1000,9,restore,0.0,2156.251299995347,116.48240000067744,2039.7688999946693,609,5000,443.7520999927074,97.57620000164025,346.1758999910671,609,609
