dataset,kind,batch,repeat,n_keys,events,max_abs_error,discrete_mismatches,process_rss_mb,incremental_elapsed_ms,incremental_write_lookup_ms,incremental_refresh_ms,incremental_refreshed,incremental_affected,full_elapsed_ms,full_write_lookup_ms,full_refresh_ms,full_refreshed,full_affected
ICEWS05-15,insert,1,0,51292,368963,0.0,0,399.0546875,0.1219,0.0122,0.1097,1,1,321.2902,0.0065,321.2837,51292,1
ICEWS05-15,insert,1,1,51292,368964,0.0,0,401.2265625,0.1662,0.0182,0.148,1,1,333.9197,0.0121,333.9076,51292,1
ICEWS05-15,insert,1,2,51292,368965,0.0,0,403.51953125,0.1307,0.0134,0.1173,1,1,331.2897,0.0065,331.2832,51292,1
ICEWS05-15,insert,1,3,51292,368966,5.551115123125783e-17,0,404.828125,0.148,0.0153,0.1327,1,1,322.4076,0.0151,322.3925,51292,1
ICEWS05-15,insert,1,4,51292,368967,5.551115123125783e-17,0,404.77734375,0.1233,0.0122,0.1111,1,1,339.2257,0.0056,339.2201,51292,1
ICEWS05-15,insert,1,5,51292,368968,5.551115123125783e-17,0,410.0859375,0.144,0.0154,0.1286,1,1,449.0393,0.014,449.0253,51292,1
ICEWS05-15,insert,1,6,51292,368969,5.551115123125783e-17,0,408.08984375,0.0991,0.0101,0.089,1,1,327.3264,0.005,327.3214,51292,1
ICEWS05-15,insert,1,7,51292,368970,5.551115123125783e-17,0,410.15234375,0.1478,0.0206,0.1272,1,1,335.0241,0.027,334.9971,51292,1
ICEWS05-15,insert,1,8,51292,368971,5.551115123125783e-17,0,410.96875,0.149,0.0169,0.1321,1,1,312.9789,0.0075,312.9714,51292,1
ICEWS05-15,insert,1,9,51292,368972,5.551115123125783e-17,0,411.98046875,0.1693,0.022,0.1473,1,1,314.4889,0.016,314.4729,51292,1
ICEWS05-15,insert,10,0,51292,368982,5.551115123125783e-17,0,412.90234375,0.3868,0.0399,0.3469,9,9,326.4091,0.0404,326.3687,51292,9
ICEWS05-15,insert,10,1,51292,368992,5.551115123125783e-17,0,412.3203125,0.4122,0.0576,0.3546,10,10,429.3835,0.0496,429.3339,51292,10
ICEWS05-15,insert,10,2,51292,369002,5.551115123125783e-17,0,411.70703125,0.3688,0.0473,0.3215,10,10,326.8948,0.0363,326.8585,51292,10
ICEWS05-15,insert,10,3,51292,369012,5.551115123125783e-17,0,411.7265625,0.4895,0.0555,0.434,9,9,330.9574,0.0487,330.9087,51292,9
ICEWS05-15,insert,10,4,51292,369022,1.1102230246251565e-16,0,411.71484375,0.3889,0.0459,0.343,10,10,324.0832,0.0343,324.0489,51292,10
ICEWS05-15,insert,10,5,51292,369032,1.1102230246251565e-16,0,412.15234375,0.4037,0.0572,0.3465,10,10,319.4223,0.051,319.3713,51292,10
ICEWS05-15,insert,10,6,51292,369042,1.1102230246251565e-16,0,411.73828125,0.3847,0.0461,0.3386,10,10,324.0524,0.0357,324.0167,51292,10
ICEWS05-15,insert,10,7,51292,369052,1.1102230246251565e-16,0,412.359375,0.5266,0.0689,0.4577,10,10,428.9247,0.0463,428.8784,51292,10
ICEWS05-15,insert,10,8,51292,369062,1.1102230246251565e-16,0,412.65234375,0.2458,0.0454,0.2004,10,10,334.5139,0.0299,334.484,51292,10
ICEWS05-15,insert,10,9,51292,369072,1.1102230246251565e-16,0,412.2265625,0.5008,0.0564,0.4444,10,10,336.6882,0.0448,336.6434,51292,10
ICEWS05-15,insert,100,0,51292,369172,1.1102230246251565e-16,0,411.77734375,2.6571,0.2965,2.3606,98,98,334.8012,0.2847,334.5165,51292,98
ICEWS05-15,insert,100,1,51292,369272,1.1102230246251565e-16,0,411.94921875,2.195,0.3182,1.8768,98,98,327.114,0.3387,326.7753,51292,98
ICEWS05-15,insert,100,2,51292,369372,1.1102230246251565e-16,0,411.8203125,2.3817,0.2973,2.0844,97,97,323.7113,0.2957,323.4156,51292,97
ICEWS05-15,insert,100,3,51292,369472,1.1102230246251565e-16,0,412.6484375,2.6056,0.3401,2.2655,97,97,433.2753,0.301,432.9743,51292,97
ICEWS05-15,insert,100,4,51292,369572,1.1102230246251565e-16,0,411.453125,2.3969,0.3168,2.0801,96,96,338.2514,0.2859,337.9655,51292,96
ICEWS05-15,insert,100,5,51292,369672,1.1102230246251565e-16,0,411.98046875,2.6948,0.3176,2.3772,98,98,338.7839,0.3327,338.4512,51292,98
ICEWS05-15,insert,100,6,51292,369772,1.1102230246251565e-16,0,412.23828125,2.3993,0.3091,2.0902,98,98,333.1472,0.2851,332.8621,51292,98
ICEWS05-15,insert,100,7,51292,369872,1.1102230246251565e-16,0,412.64453125,2.6826,0.3647,2.3179,95,95,350.3437,0.2805,350.0632,51292,95
ICEWS05-15,insert,100,8,51292,369972,1.1102230246251565e-16,0,412.11328125,2.6744,0.3584,2.316,95,95,330.8135,0.3107,330.5028,51292,95
ICEWS05-15,insert,100,9,51292,370072,1.1102230246251565e-16,0,412.90625,2.5918,0.3223,2.2695,95,95,438.3235,0.3193,438.0042,51292,95
ICEWS05-15,insert,1000,0,51292,371072,1.1102230246251565e-16,0,413.48046875,16.2984,2.5921,13.7063,806,806,333.9849,2.6807,331.3042,51292,806
ICEWS05-15,insert,1000,1,51292,372072,5.551115123125783e-17,0,413.98046875,15.6035,2.955,12.6485,809,809,330.267,2.4173,327.8497,51292,809
ICEWS05-15,insert,1000,2,51292,373072,5.551115123125783e-17,0,414.10546875,15.8069,2.4023,13.4046,805,805,330.4201,2.4713,327.9488,51292,805
ICEWS05-15,insert,1000,3,51292,374072,5.551115123125783e-17,0,415.32421875,16.0291,3.3448,12.6843,818,818,334.2198,2.542,331.6778,51292,818
ICEWS05-15,insert,1000,4,51292,375072,5.551115123125783e-17,0,415.30078125,15.5933,2.4101,13.1832,811,811,347.4229,2.5789,344.844,51292,811
ICEWS05-15,insert,1000,5,51292,376072,5.551115123125783e-17,0,415.46875,130.5299,2.6073,127.9226,787,787,348.7661,2.425,346.3411,51292,787
ICEWS05-15,insert,1000,6,51292,377072,5.551115123125783e-17,0,415.015625,15.2879,2.4104,12.8775,788,788,337.1246,2.4056,334.719,51292,788
ICEWS05-15,insert,1000,7,51292,378072,5.551115123125783e-17,0,416.0859375,16.7242,2.8349,13.8893,790,790,362.9091,3.684,359.2251,51292,790
ICEWS05-15,insert,1000,8,51292,379072,5.551115123125783e-17,0,416.53125,15.835,2.5416,13.2934,804,804,331.9482,2.5179,329.4303,51292,804
ICEWS05-15,insert,1000,9,51292,380072,5.551115123125783e-17,0,416.76953125,16.3377,3.0729,13.2648,800,800,330.9698,2.4096,328.5602,51292,800
ICEWS05-15,delete,1,0,51292,380071,5.551115123125783e-17,0,417.7890625,0.1304,0.012,0.1184,1,1,336.9116,0.009,336.9026,51292,1
ICEWS05-15,delete,1,1,51292,380070,5.551115123125783e-17,0,416.828125,0.2236,0.0296,0.194,1,1,336.2672,0.0194,336.2478,51292,1
ICEWS05-15,delete,1,2,51292,380069,1.1102230246251565e-16,0,417.578125,0.1136,0.0153,0.0983,1,1,439.3945,0.0098,439.3847,51292,1
ICEWS05-15,delete,1,3,51292,380068,1.1102230246251565e-16,0,416.9296875,0.214,0.0347,0.1793,1,1,337.7725,0.0229,337.7496,51292,1
ICEWS05-15,delete,1,4,51292,380067,1.1102230246251565e-16,0,416.58203125,0.1242,0.0164,0.1078,1,1,335.503,0.0077,335.4953,51292,1
ICEWS05-15,delete,1,5,51292,380066,1.1102230246251565e-16,0,416.625,0.1794,0.0221,0.1573,1,1,331.4889,0.0144,331.4745,51292,1
ICEWS05-15,delete,1,6,51292,380065,1.1102230246251565e-16,0,416.609375,0.1313,0.015,0.1163,1,1,330.6232,0.0082,330.615,51292,1
ICEWS05-15,delete,1,7,51292,380064,1.1102230246251565e-16,0,416.96484375,0.1819,0.0254,0.1565,1,1,442.6147,0.017,442.5977,51292,1
ICEWS05-15,delete,1,8,51292,380063,1.1102230246251565e-16,0,416.2265625,0.1254,0.0162,0.1092,1,1,327.0151,0.0083,327.0068,51292,1
ICEWS05-15,delete,1,9,51292,380062,1.1102230246251565e-16,0,416.984375,0.1751,0.0302,0.1449,1,1,324.8852,0.0221,324.8631,51292,1
ICEWS05-15,delete,10,0,51292,380052,1.1102230246251565e-16,0,416.4296875,0.6852,0.1337,0.5515,10,10,326.3466,0.1355,326.2111,51292,10
ICEWS05-15,delete,10,1,51292,380042,1.1102230246251565e-16,0,416.58203125,0.5173,0.0808,0.4365,10,10,333.4198,0.0674,333.3524,51292,10
ICEWS05-15,delete,10,2,51292,380032,1.1102230246251565e-16,0,416.9609375,0.4799,0.1224,0.3575,10,10,329.1478,0.1109,329.0369,51292,10
ICEWS05-15,delete,10,3,51292,380022,1.1102230246251565e-16,0,416.97265625,0.3812,0.0772,0.304,10,10,440.5023,0.058,440.4443,51292,10
ICEWS05-15,delete,10,4,51292,380012,1.1102230246251565e-16,0,416.63671875,0.5123,0.1082,0.4041,10,10,325.8282,0.1027,325.7255,51292,10
ICEWS05-15,delete,10,5,51292,380002,1.1102230246251565e-16,0,416.58203125,0.8248,0.289,0.5358,10,10,329.9347,0.0874,329.8473,51292,10
ICEWS05-15,delete,10,6,51292,379992,1.1102230246251565e-16,0,416.2421875,0.3572,0.07,0.2872,10,10,334.5225,0.0707,334.4518,51292,10
ICEWS05-15,delete,10,7,51292,379982,1.1102230246251565e-16,0,416.1875,0.4001,0.0845,0.3156,10,10,336.1119,0.0563,336.0556,51292,10
ICEWS05-15,delete,10,8,51292,379972,1.1102230246251565e-16,0,416.2421875,0.4172,0.0917,0.3255,10,10,327.6102,0.089,327.5212,51292,10
ICEWS05-15,delete,10,9,51292,379962,1.1102230246251565e-16,0,416.1875,0.5762,0.0979,0.4783,10,10,325.0381,0.0758,324.9623,51292,10
ICEWS05-15,delete,100,0,51292,379862,1.1102230246251565e-16,0,416.27734375,2.5984,0.5037,2.0947,95,95,450.3154,0.5708,449.7446,51292,95
ICEWS05-15,delete,100,1,51292,379762,1.1102230246251565e-16,0,416.24609375,3.1934,0.7275,2.4659,96,96,330.4807,0.5914,329.8893,51292,96
ICEWS05-15,delete,100,2,51292,379662,1.1102230246251565e-16,0,416.48828125,3.199,0.527,2.672,99,99,336.4576,0.5497,335.9079,51292,99
ICEWS05-15,delete,100,3,51292,379562,1.1102230246251565e-16,0,416.30859375,3.6516,0.667,2.9846,94,94,337.0792,0.586,336.4932,51292,94
ICEWS05-15,delete,100,4,51292,379462,1.1102230246251565e-16,0,416.46484375,2.7389,0.5877,2.1512,95,95,333.5538,0.679,332.8748,51292,95
ICEWS05-15,delete,100,5,51292,379362,1.1102230246251565e-16,0,416.49609375,2.2464,0.5256,1.7208,97,97,330.3956,0.4299,329.9657,51292,97
ICEWS05-15,delete,100,6,51292,379262,1.1102230246251565e-16,0,416.8203125,2.3905,0.4196,1.9709,98,98,444.1145,0.5199,443.5946,51292,98
ICEWS05-15,delete,100,7,51292,379162,1.1102230246251565e-16,0,416.90625,2.5536,0.5927,1.9609,97,97,335.448,0.5107,334.9373,51292,97
ICEWS05-15,delete,100,8,51292,379062,1.1102230246251565e-16,0,416.51171875,2.0855,0.3529,1.7326,97,97,334.0572,0.5748,333.4824,51292,97
ICEWS05-15,delete,100,9,51292,378962,1.1102230246251565e-16,0,416.640625,2.8896,0.6933,2.1963,96,96,333.0516,0.5929,332.4587,51292,96
ICEWS05-15,delete,1000,0,51292,377962,1.1102230246251565e-16,0,416.28125,19.287,5.2131,14.0739,792,792,338.9968,5.7273,333.2695,51292,792
ICEWS05-15,delete,1000,1,51292,376962,1.1102230246251565e-16,0,417.28125,128.7525,5.4448,123.3077,811,811,339.2231,5.2828,333.9403,51292,811
ICEWS05-15,delete,1000,2,51292,375962,5.551115123125783e-17,0,417.10546875,20.3879,4.4196,15.9683,792,792,329.6051,6.1149,323.4902,51292,792
ICEWS05-15,delete,1000,3,51292,374962,5.551115123125783e-17,0,416.93359375,19.0496,5.8186,13.231,804,804,335.4752,5.5745,329.9007,51292,804
ICEWS05-15,delete,1000,4,51292,373962,5.551115123125783e-17,0,417.6640625,19.7682,5.7005,14.0677,795,795,335.4129,6.3079,329.105,51292,795
ICEWS05-15,delete,1000,5,51292,372962,4.163336342344337e-17,0,416.703125,21.2074,7.1983,14.0091,786,786,335.6792,6.2062,329.473,51292,786
ICEWS05-15,delete,1000,6,51292,371962,4.163336342344337e-17,0,417.7265625,18.9775,5.3952,13.5823,789,789,350.4473,6.3653,344.082,51292,789
ICEWS05-15,delete,1000,7,51292,370962,4.163336342344337e-17,0,416.8359375,18.8781,5.7739,13.1042,807,807,460.5428,6.4683,454.0745,51292,807
ICEWS05-15,delete,1000,8,51292,369962,4.163336342344337e-17,0,416.84375,17.7993,4.7114,13.0879,820,820,337.1043,5.3274,331.7769,51292,820
ICEWS05-15,delete,1000,9,51292,368962,4.163336342344337e-17,0,416.7578125,18.8187,5.8317,12.987,807,807,343.6518,5.2956,338.3562,51292,807
ICEWS05-15,counter,1,0,51292,368963,4.163336342344337e-17,0,417.12109375,0.0977,0.0112,0.0865,1,1,333.5444,0.0061,333.5383,51292,1
ICEWS05-15,counter,1,1,51292,368964,4.163336342344337e-17,0,417.37109375,0.2688,0.02,0.2488,1,1,336.3005,0.017,336.2835,51292,1
ICEWS05-15,counter,1,2,51292,368965,4.163336342344337e-17,0,416.94140625,0.1103,0.0151,0.0952,1,1,337.8764,0.0066,337.8698,51292,1
ICEWS05-15,counter,1,3,51292,368966,4.163336342344337e-17,0,417.2421875,0.1698,0.0228,0.147,1,1,445.1343,0.0163,445.118,51292,1
ICEWS05-15,counter,1,4,51292,368967,4.163336342344337e-17,0,416.984375,0.0966,0.0144,0.0822,1,1,337.8788,0.006,337.8728,51292,1
ICEWS05-15,counter,1,5,51292,368968,4.163336342344337e-17,0,416.9609375,0.1519,0.0224,0.1295,1,1,334.3589,0.016,334.3429,51292,1
ICEWS05-15,counter,1,6,51292,368969,4.163336342344337e-17,0,417.2421875,0.1137,0.0172,0.0965,1,1,328.2515,0.0065,328.245,51292,1
ICEWS05-15,counter,1,7,51292,368970,4.163336342344337e-17,0,416.99609375,0.1482,0.0225,0.1257,1,1,337.7183,0.0161,337.7022,51292,1
ICEWS05-15,counter,1,8,51292,368971,1.1102230246251565e-16,0,416.98046875,0.1149,0.0155,0.0994,1,1,333.0921,0.0065,333.0856,51292,1
ICEWS05-15,counter,1,9,51292,368972,1.1102230246251565e-16,0,416.859375,0.1463,0.0207,0.1256,1,1,333.9151,0.0166,333.8985,51292,1
ICEWS05-15,counter,10,0,51292,368982,1.1102230246251565e-16,0,417.03515625,0.2336,0.0505,0.1831,10,10,463.6666,0.0323,463.6343,51292,10
ICEWS05-15,counter,10,1,51292,368992,1.1102230246251565e-16,0,417.453125,0.2497,0.061,0.1887,10,10,328.2071,0.2084,327.9987,51292,10
ICEWS05-15,counter,10,2,51292,369002,1.1102230246251565e-16,0,416.74609375,0.1987,0.0428,0.1559,10,10,330.7725,0.0316,330.7409,51292,10
ICEWS05-15,counter,10,3,51292,369012,1.1102230246251565e-16,0,417.0390625,0.2631,0.0552,0.2079,10,10,339.0238,0.0423,338.9815,51292,10
ICEWS05-15,counter,10,4,51292,369022,1.1102230246251565e-16,0,416.9765625,0.2215,0.0423,0.1792,10,10,348.0209,0.0328,347.9881,51292,10
ICEWS05-15,counter,10,5,51292,369032,1.1102230246251565e-16,0,417.46875,0.2583,0.0494,0.2089,10,10,351.3939,0.0446,351.3493,51292,10
ICEWS05-15,counter,10,6,51292,369042,1.1102230246251565e-16,0,416.58984375,0.2404,0.0527,0.1877,10,10,477.6008,0.0391,477.5617,51292,10
ICEWS05-15,counter,10,7,51292,369052,1.1102230246251565e-16,0,416.734375,0.257,0.0481,0.2089,10,10,337.6161,0.0427,337.5734,51292,10
ICEWS05-15,counter,10,8,51292,369062,1.1102230246251565e-16,0,416.83984375,0.2315,0.0485,0.183,10,10,357.9517,0.036,357.9157,51292,10
ICEWS05-15,counter,10,9,51292,369072,1.1102230246251565e-16,0,416.875,0.2646,0.0517,0.2129,10,10,349.3051,0.0466,349.2585,51292,10
ICEWS05-15,counter,100,0,51292,369172,1.1102230246251565e-16,0,417.5625,1.3894,0.3336,1.0558,100,100,354.8572,0.4229,354.4343,51292,100
ICEWS05-15,counter,100,1,51292,369272,1.1102230246251565e-16,0,417.33203125,1.1479,0.329,0.8189,100,100,485.6161,0.2993,485.3168,51292,100
ICEWS05-15,counter,100,2,51292,369372,1.1102230246251565e-16,0,416.21875,1.0597,0.2944,0.7653,100,100,351.2616,0.3556,350.906,51292,100
ICEWS05-15,counter,100,3,51292,369472,1.1102230246251565e-16,0,416.5234375,1.1339,0.3173,0.8166,100,100,354.7138,0.2805,354.4333,51292,100
ICEWS05-15,counter,100,4,51292,369572,1.1102230246251565e-16,0,420.109375,1.1321,0.3425,0.7896,100,100,357.702,0.359,357.343,51292,100
ICEWS05-15,counter,100,5,51292,369672,1.1102230246251565e-16,0,417.0625,1.1115,0.3085,0.803,100,100,340.1495,0.3063,339.8432,51292,100
ICEWS05-15,counter,100,6,51292,369772,1.1102230246251565e-16,0,417.40234375,1.036,0.2897,0.7463,100,100,363.0681,0.3379,362.7302,51292,100
ICEWS05-15,counter,100,7,51292,369872,1.1102230246251565e-16,0,417.10546875,1.0792,0.3068,0.7724,100,100,486.5282,0.3394,486.1888,51292,100
ICEWS05-15,counter,100,8,51292,369972,1.1102230246251565e-16,0,416.81640625,1.5493,0.3682,1.1811,100,100,354.1095,0.4696,353.6399,51292,100
ICEWS05-15,counter,100,9,51292,370072,1.1102230246251565e-16,0,417.33203125,1.2062,0.3274,0.8788,100,100,345.1595,0.2993,344.8602,51292,100
ICEWS05-15,counter,1000,0,51292,371072,1.1102230246251565e-16,0,416.5625,11.0549,3.8169,7.238,1000,1000,344.2989,2.6364,341.6625,51292,1000
ICEWS05-15,counter,1000,1,51292,372072,1.1102230246251565e-16,0,417.28515625,11.0525,2.9077,8.1448,1000,1000,359.3207,2.9303,356.3904,51292,1000
ICEWS05-15,counter,1000,2,51292,373072,1.1102230246251565e-16,0,417.59375,10.4547,2.8592,7.5955,1000,1000,346.3973,3.9206,342.4767,51292,1000
ICEWS05-15,counter,1000,3,51292,374072,1.1102230246251565e-16,0,418.91015625,10.2526,3.1053,7.1473,1000,1000,483.6303,2.5797,481.0506,51292,1000
ICEWS05-15,counter,1000,4,51292,375072,1.1102230246251565e-16,0,420.17578125,9.3661,2.5911,6.775,1000,1000,353.0557,2.4449,350.6108,51292,1000
ICEWS05-15,counter,1000,5,51292,376072,1.1102230246251565e-16,0,420.875,9.9884,2.6179,7.3705,1000,1000,351.0069,2.4992,348.5077,51292,1000
ICEWS05-15,counter,1000,6,51292,377072,1.1102230246251565e-16,0,422.21875,10.0883,2.66,7.4283,1000,1000,355.632,2.6889,352.9431,51292,1000
ICEWS05-15,counter,1000,7,51292,378072,1.1102230246251565e-16,0,422.74609375,9.7896,2.8588,6.9308,1000,1000,358.1892,3.1107,355.0785,51292,1000
ICEWS05-15,counter,1000,8,51292,379072,1.1102230246251565e-16,0,424.8828125,10.1187,2.6447,7.474,1000,1000,510.2391,4.1658,506.0733,51292,1000
ICEWS05-15,counter,1000,9,51292,380072,1.1102230246251565e-16,0,426.265625,11.1989,3.005,8.1939,1000,1000,359.8518,3.4334,356.4184,51292,1000
ICEWS05-15,clock,0,0,51292,380072,0.0,0,427.29296875,356.5977,0.0005,356.5972,51292,0,358.3201,0.0018,358.3183,51292,0
ICEWS05-15,clock,0,1,51292,380072,0.0,0,427.65625,341.3057,0.0012,341.3045,51292,0,345.373,0.0011,345.3719,51292,0
ICEWS05-15,clock,0,2,51292,380072,0.0,0,427.27734375,340.5252,0.0011,340.5241,51292,0,488.3638,0.0011,488.3627,51292,0
ICEWS05-15,clock,0,3,51292,380072,0.0,0,426.9296875,355.9844,0.001,355.9834,51292,0,355.3338,0.0012,355.3326,51292,0
ICEWS05-15,clock,0,4,51292,380072,0.0,0,426.51171875,340.5062,0.0011,340.5051,51292,0,348.3219,0.0009,348.321,51292,0
ICEWS05-15,clock,0,5,51292,380072,0.0,0,430.32421875,494.7754,0.0013,494.7741,51292,0,362.1013,0.0009,362.1004,51292,0
ICEWS05-15,clock,0,6,51292,380072,0.0,0,426.515625,356.3272,0.001,356.3262,51292,0,361.7493,0.0013,361.748,51292,0
ICEWS05-15,clock,0,7,51292,380072,0.0,0,427.72265625,361.1248,0.0016,361.1232,51292,0,363.8538,0.001,363.8528,51292,0
ICEWS05-15,clock,0,8,51292,380072,0.0,0,430.125,354.2793,0.002,354.2773,51292,0,355.9195,0.0023,355.9172,51292,0
ICEWS05-15,clock,0,9,51292,380072,0.0,0,430.32421875,358.9994,0.0021,358.9973,51292,0,495.9961,0.0013,495.9948,51292,0
